sku,digikey_url,digikey_inventory,digikey_price,digikey_status,newark_url,newark_inventory,newark_price,newark_status,combined_inventory,InStock,combined_status,last_updated,combined_stock
157350-05,,,,,,,,,,,,,
157350-03,,,,,,,,,,,,,
787003-01,,,,,,,,,,,,,
157350-01,,,,,,,,,,,,,
189588-02,,,,,,,,,,,,,
189588-01,,,,,,,,,,,,,
191667-01,,,,,,,,,,,,,
785944-10,,,,,,,,,,,,,
785946-03,,,,,,,,,,,,,
785946-01,,,,,,,,,,,,,
785944-03,,,,,,,,,,,,,
785944-02,,,,,,,,,,,,,
785944-01,,,,,,,,,,,,,
196236-1R5,,,,,,,,,,,,,
137445-01,,,,,,,,,,,,,
136692-1000,,,,,,,,,,,,,
136692-0650,,,,,,,,,,,,,
783701-03,,,,,,,,,,,,,
783851-01,,,,,,,,,,,,,
784775-01,,,,,,,,,,,,,
783850-02,,,,,,,,,,,,,
783453-01,,,,,,,,,,,,,
783850-01,,,,,,,,,,,,,
783452-01,,,,,,,,,,,,,
783849-01,,,,,,,,,,,,,
783848-01,,,,,,,,,,,,,
784774-01,,,,,,,,,,,,,
783450-01,,,,,,,,,,,,,
787879-01,,,,,,,,,,,,,
779019-01,,,,,,,,,,,,,
779018-01,,,,,,,,,,,,,
194881-01,,,,,,,,,,,,,
194882-01,,,,,,,,,,,,,
158533-02,,,,,,,,,,,,,
781483-01,,,,,,,,,,,,,
781486-01,,,,,,,,,,,,,
158534-02,,,,,,,,,,,,,
158533-01,,,,,,,,,,,,,
787104-01,,,,,,,,,,,,,
158534-01,,,,,,,,,,,,,
779183-01,,,,,,,,,,,,,
782715-01,,,,,,,,,,,,,
779185-01,,,,,,,,,,,,,
779184-01,,,,,,,,,,,,,
785811-01,,,,,,,,,,,,,
152629-02,,,,,,,,,,,,,
152629-01,,,,,,,,,,,,,
784091-01,,,,,,,,,,,,,
199254-01,,,,,,,,,,,,,
783328-01,,,,,,,,,,,,,
193737-01,,,,,,,,,,,,,
782015-02,,,,,,,,,,,,,
782015-01,,,,,,,,,,,,,
786668-05,,,,,,,,,,,,,
156084-03,,,,,,,,,,,,,
156083-03,,,,,,,,,,,,,
786668-03,,,,,,,,,,,,,
134726-1R6,,,,,,,,,,,,,
786879-02,,,,,,,,,,,,,
786668-02,,,,,,,,,,,,,
184931-0R5,,,,,,,,,,,,,
156084-0R5,,,,,,,,,,,,,
777562-05,,,,,,,,,,,,,
778621-02,,,,,,,,,,,,,
192568-02,,,,,,,,,,,,,
778620-04,,,,,,,,,,,,,
778621-01,,,,,,,,,,,,,
192568-01,,,,,,,,,,,,,
141856-01,,,,,,,,,,,,,
130123-01,,,,,,,,,,,,,
185196-01,,,,,,,,,,,,,
197545-01,,,,,,,,,,,,,
786819-02,,,,,,,,,,,,,
182845-03,,,,,,,,,,,,,
182238-04,,,,,,,,,,,,,
183045-04,,,,,,,,,,,,,
183283-04,,,,,,,,,,,,,
182846-02,,,,,,,,,,,,,
182845-02,,,,,,,,,,,,,
182238-02,,,,,,,,,,,,,
183045-02,,,,,,,,,,,,,
183283-02,,,,,,,,,,,,,
182846-01,,,,,,,,,,,,,
182845-01,,,,,,,,,,,,,
182238-01,,,,,,,,,,,,,
183045-01,,,,,,,,,,,,,
183283-01,,,,,,,,,,,,,
777566-03,,,,,,,,,,,,,
192681-1R5,,,,,,,,,,,,,
781895-01,,,,,,,,,,,,,
781293-01,,,,,,,,,,,,,
152870-01,,,,,,,,,,,,,
188143-01,,,,,,,,,,,,,
158228-05,,,,,,,,,,,,,
196275-01,,,,,,,,,,,,,
781013-01,,,,,,,,,,,,,
158228-03,,,,,,,,,,,,,
156166-02,,,,,,,,,,,,,
781362-01,,,,,,,,,,,,,
153028-01,,,,,,,,,,,,,
183432-10,,,,,,,,,,,,,
195949-01,,,,,,,,,,,,,
182419-10,,,,,,,,,,,,,
158228-01,,,,,,,,,,,,,
185262-05,,,,,,,,,,,,,
182419-05,,,,,,,,,,,,,
183432-05,,,,,,,,,,,,,
192061-10,,,,,,,,,,,,,
199006-10,,,,,,,,,,,,,
185262-02,,,,,,,,,,,,,
184749-10,,,,,,,,,,,,,
776784-05,,,,,,,,,,,,,
190233-02,,,,,,,,,,,,,
776784-02,,,,,,,,,,,,,
182419-02,,,,,,,,,,,,,
183432-02,,,,,,,,,,,,,
156166-01,,,,,,,,,,,,,
192061-05,,,,,,,,,,,,,
185262-01,,,,,,,,,,,,,
185095-01,,,,,,,,,,,,,
199006-05,,,,,,,,,,,,,
186380-02,,,,,,,,,,,,,
183432-01,,,,,,,,,,,,,
190233-0R5,,,,,,,,,,,,,
183432-0R4,,,,,,,,,,,,,
157599-02,,,,,,,,,,,,,
776784-01,,,,,,,,,,,,,
182419-01,,,,,,,,,,,,,
134729-1R6,,,,,,,,,,,,,
187051-01,,,,,,,,,,,,,
186838-02,,,,,,,,,,,,,
134727-1R6,,,,,,,,,,,,,
184749-02,,,,,,,,,,,,,
199006-02,,,,,,,,,,,,,
192061-02,,,,,,,,,,,,,
186381-02,,,,,,,,,,,,,
157599-01,,,,,,,,,,,,,
186838-01,,,,,,,,,,,,,
184749-01,,,,,,,,,,,,,
199006-0R5,,,,,,,,,,,,,
199006-01,,,,,,,,,,,,,
186838-0R5,,,,,,,,,,,,,
186381-01,,,,,,,,,,,,,
186381-0R5,,,,,,,,,,,,,
199006-0R25,,,,,,,,,,,,,
199006-0R35,,,,,,,,,,,,,
192061-01,,,,,,,,,,,,,
192061-0R5,,,,,,,,,,,,,
191945-02,,,,,,,,,,,,,
157599-0R5,,,,,,,,,,,,,
184748-01,,,,,,,,,,,,,
777720-02,,,,,,,,,,,,,
191945-01,,,,,,,,,,,,,
777720-01,,,,,,,,,,,,,
191945-0R5,,,,,,,,,,,,,
189041-02,,,,,,,,,,,,,
157230-0R5,,,,,,,,,,,,,
157231-0R5,,,,,,,,,,,,,
156866-01,,,,,,,,,,,,,
157232-02,,,,,,,,,,,,,
157232-01,,,,,,,,,,,,,
157232-0R5,,,,,,,,,,,,,
182805-500,,,,,,,,,,,,,
182805-100,,,,,,,,,,,,,
182805-050,,,,,,,,,,,,,
182805-010,,,,,,,,,,,,,
785950-03,,,,,,,,,,,,,
785949-03,,,,,,,,,,,,,
785949-01,,,,,,,,,,,,,
785950-01,,,,,,,,,,,,,
785950-0R3,,,,,,,,,,,,,
785954-01,,,,,,,,,,,,,
198290-01,,,,,,,,,,,,,
192344-02,,,,,,,,,,,,,
192344-01,,,,,,,,,,,,,
780040-01,,,,,,,,,,,,,
787916-01,,,,,,,,,,,,,
197516-01,,,,,,,,,,,,,
197516-02,,,,,,,,,,,,,
788279-04,,,,,,,,,,,,,
788279-02,,,,,,,,,,,,,
788279-01,,,,,,,,,,,,,
788281-04,,,,,,,,,,,,,
788280-04,,,,,,,,,,,,,
788281-01,,,,,,,,,,,,,
788280-01,,,,,,,,,,,,,
788280-02,,,,,,,,,,,,,
779038-01,,,,,,,,,,,,,
779038-02,,,,,,,,,,,,,
779038-03,,,,,,,,,,,,,
783139-02,,,,,,,,,,,,,
188377-0R3,,,,,,,,,,,,,
188374-01,,,,,,,,,,,,,
188374-0R3,,,,,,,,,,,,,
188375-01,,,,,,,,,,,,,
188375-0R3,,,,,,,,,,,,,
188376-01,,,,,,,,,,,,,
188377-01,,,,,,,,,,,,,
188374-0R15,,,,,,,,,,,,,
188376-0R3,,,,,,,,,,,,,
777164-06,,,,,,,,,,,,,
777163-04,,,,,,,,,,,,,
777164-04,,,,,,,,,,,,,
777165-04,,,,,,,,,,,,,
777164-02,,,,,,,,,,,,,
777165-02,,,,,,,,,,,,,
777166-01,,,,,,,,,,,,,
777165-01,,,,,,,,,,,,,
777163-01,,,,,,,,,,,,,
778959-200,,,,,,,,,,,,,
781402-200,,,,,,,,,,,,,
763427-30,,,,,,,,,,,,,
782317-05,,,,,,,,,,,,,
785550-03,,,,,,,,,,,,,
779725-07,,,,,,,,,,,,,
785550-01,,,,,,,,,,,,,
785549-03,,,,,,,,,,,,,
782317-03,,,,,,,,,,,,,
779500-07,,,,,,,,,,,,,
782317-02,,,,,,,,,,,,,
782317-01,,,,,,,,,,,,,
779725-03,,,,,,,,,,,,,
778959-10,,,,,,,,,,,,,
763431-05,,,,,,,,,,,,,
779500-03,,,,,,,,,,,,,
779500-01,,,,,,,,,,,,,
763431-02,,,,,,,,,,,,,
190957-03,,,,,,,,,,,,,
785636-01,,,,,,,,,,,,,
785719-01,,,,,,,,,,,,,
785718-01,,,,,,,,,,,,,
785717-01,,,,,,,,,,,,,
785707-01,,,,,,,,,,,,,
781513-01,,,,,,,,,,,,,
780046-01,,,,,,,,,,,,,
780046-02,,,,,,,,,,,,,
785708-01,,,,,,,,,,,,,
785710-02,,,,,,,,,,,,,
785714-09,,,,,,,,,,,,,
785714-10,,,,,,,,,,,,,
785709-02,,,,,,,,,,,,,
785712-02,,,,,,,,,,,,,
785714-06,,,,,,,,,,,,,
785710-01,,,,,,,,,,,,,
785711-01,,,,,,,,,,,,,
785711-02,,,,,,,,,,,,,
785712-01,,,,,,,,,,,,,
785713-01,,,,,,,,,,,,,
785713-02,,,,,,,,,,,,,
785727-01,,,,,,,,,,,,,
785727-02,,,,,,,,,,,,,
785709-01,,,,,,,,,,,,,
788308-02,,,,,,,,,,,,,
788308-0R25,,,,,,,,,,,,,
788308-0R5,,,,,,,,,,,,,
137446-03,,,,,,,,,,,,,
778414-01,,,,,,,,,,,,,
778415-01,,,,,,,,,,,,,
138286-1000,,,,,,,,,,,,,
138285-0150,,,,,,,,,,,,,
781449-10,,,,,,,,,,,,,
137446-01,,,,,,,,,,,,,
138285-1000,,,,,,,,,,,,,
781845-01,,,,,,,,,,,,,
189425-0R6,,,,,,,,,,,,,
781846-01,,,,,,,,,,,,,
784995-01,,,,,,,,,,,,,
188858-01,,,,,,,,,,,,,
137833-1000,,,,,,,,,,,,,
782781-01,,,,,,,,,,,,,
778827-01,,,,,,,,,,,,,
763444-01,,,,,,,,,,,,,
137833-0600,,,,,,,,,,,,,
136691-0870,,,,,,,,,,,,,
763443-01,,,,,,,,,,,,,
188859-01,,,,,,,,,,,,,
763388-01,,,,,,,,,,,,,
763389-01,,,,,,,,,,,,,
763405-01,,,,,,,,,,,,,
137833-0150,,,,,,,,,,,,,
137833-0300,,,,,,,,,,,,,
763390-01,,,,,,,,,,,,,
136691-0400,,,,,,,,,,,,,
136691-0670,,,,,,,,,,,,,
781449-01,,,,,,,,,,,,,
783469-01,,,,,,,,,,,,,
783470-01,,,,,,,,,,,,,
783781-01,,,,,,,,,,,,,
182762-02,,,,,,,,,,,,,
182762-01,,,,,,,,,,,,,
182762-0R5,,,,,,,,,,,,,
182482-01,,,,,,,,,,,,,
187252-0R25,,,,,,,,,,,,,
187252-0R5,,,,,,,,,,,,,
182482-0R25,,,,,,,,,,,,,
779195-01,,,,,,,,,,,,,
776249-05,,,,,,,,,,,,,
776249-04,,,,,,,,,,,,,
776249-03,,,,,,,,,,,,,
776249-02,,,,,,,,,,,,,
190668-05,,,,,,,,,,,,,
190668-03,,,,,,,,,,,,,
190668-01,,,,,,,,,,,,,
142947-02,,,,,,,,,,,,,
142948-02,,,,,,,,,,,,,
142947-01,,,,,,,,,,,,,
142948-01,,,,,,,,,,,,,
785686-01,,,,,,,,,,,,,
785685-05,,,,,,,,,,,,,
785700-10,,,,,,,,,,,,,
785682-100,,,,,,,,,,,,,
785688-01,,,,,,,,,,,,,
784184-50,,,,,,,,,,,,,
784076-03,,,,,,,,,,,,,
785685-01,,,,,,,,,,,,,
784076-01,,,,,,,,,,,,,
785682-10,,,,,,,,,,,,,
784077-01,,,,,,,,,,,,,
783344-01,,,,,,,,,,,,,
784076-0R5,,,,,,,,,,,,,
784184-10,,,,,,,,,,,,,
783343-01,,,,,,,,,,,,,
783342-01,,,,,,,,,,,,,
782427-01,,,,,,,,,,,,,
779346-01,,,,,,,,,,,,,
150275-01,,,,,,,,,,,,,
150275-0R5,,,,,,,,,,,,,
150579-01,,,,,,,,,,,,,
150275-1R5,,,,,,,,,,,,,
785607-02,,,,,,,,,,,,,
785608-02,,,,,,,,,,,,,
787580-0R8,,,,,,,,,,,,,
777550-01,,,,,,,,,,,,,
156390-05,,,,,,,,,,,,,
156391-05,,,,,,,,,,,,,
143557-0R5,,,,,,,,,,,,,
143558-0R5,,,,,,,,,,,,,
156390-03,,,,,,,,,,,,,
156391-03,,,,,,,,,,,,,
143556-02,,,,,,,,,,,,,
778713-02,,,,,,,,,,,,,
143555-0R5,,,,,,,,,,,,,
143556-01,,,,,,,,,,,,,
780534-01,,,,,,,,,,,,,
787057-01,,,,,,,,,,,,,
184125-02,,,,,,,,,,,,,
784387-02,,,,,,,,,,,,,
140254-02,,,,,,,,,,,,,
143556-0R3,,,,,,,,,,,,,
198506-01,,,,,,,,,,,,,
784387-01,,,,,,,,,,,,,
184125-01,,,,,,,,,,,,,
783699-03,,,,,,,,,,,,,
783702-03,,,,,,,,,,,,,
783701-02,,,,,,,,,,,,,
783699-02,,,,,,,,,,,,,
783702-02,,,,,,,,,,,,,
868014-01,,,,,,,,,,,,,
868015-01,,,,,,,,,,,,,
868018-01,,,,,,,,,,,,,
865664-01,,,,,,,,,,,,,
865683-01,,,,,,,,,,,,,
865684-01,,,,,,,,,,,,,
865662-01,,,,,,,,,,,,,
783688-01,,,,,,,,,,,,,
784240-01,,,,,,,,,,,,,
783340-01,,,,,,,,,,,,,
784238-01,,,,,,,,,,,,,
783686-01,,,,,,,,,,,,,
783338-01,,,,,,,,,,,,,
783597-01,,,,,,,,,,,,,
785065-02,,,,,,,,,,,,,
785065-01,,,,,,,,,,,,,
786473-01,,,,,,,,,,,,,
781156-01,,,,,,,,,,,,,
785064-01,,,,,,,,,,,,,
789997-01,,,,,,,,,,,,,
781157-01,,,,,,,,,,,,,
789117-01,,,,,,,,,,,,,
789996-01,,,,,,,,,,,,,
782052-01,,,,,,,,,,,,,
789115-01,,,,,,,,,,,,,
781496-01,,,,,,,,,,,,,
781425-01,,,,,,,,,,,,,
786744-01,,,,,,,,,,,,,
785618-01,,,,,,,,,,,,,
785619-02,,,,,,,,,,,,,
785620-02,,,,,,,,,,,,,
785619-01,,,,,,,,,,,,,
785621-02,,,,,,,,,,,,,
785620-01,,,,,,,,,,,,,
785622-02,,,,,,,,,,,,,
784549-01,,,,,,,,,,,,,
782663-02,,,,,,,,,,,,,
785621-01,,,,,,,,,,,,,
782663-01,,,,,,,,,,,,,
783451-01,,,,,,,,,,,,,
786370-01,,,,,,,,,,,,,
785622-01,,,,,,,,,,,,,
786369-01,,,,,,,,,,,,,
783832-02,,,,,,,,,,,,,
787044-01,,,,,,,,,,,,,
783832-01,,,,,,,,,,,,,
783170-01,,,,,,,,,,,,,
785623-01,,,,,,,,,,,,,
785624-01,,,,,,,,,,,,,
787043-01,,,,,,,,,,,,,
786427-01,,,,,,,,,,,,,
783831-01,,,,,,,,,,,,,
783169-01,,,,,,,,,,,,,
786425-01,,,,,,,,,,,,,
786426-01,,,,,,,,,,,,,
783830-01,,,,,,,,,,,,,
786424-01,,,,,,,,,,,,,
779455-01,,,,,,,,,,,,,
780679-01,,,,,,,,,,,,,
780716-01,,,,,,,,,,,,,
779102-01,,,,,,,,,,,,,
157253-01,,,,,,,,,,,,,
157267-01,,,,,,,,,,,,,
779097-01,,,,,,,,,,,,,
779473-01,,,,,,,,,,,,,
780982-01,,,,,,,,,,,,,
781722-01,,,,,,,,,,,,,
779558-01,,,,,,,,,,,,,
157254-01,,,,,,,,,,,,,
157268-01,,,,,,,,,,,,,
781740-01,,,,,,,,,,,,,
780953-01,,,,,,,,,,,,,
781315-01,,,,,,,,,,,,,
781316-01,,,,,,,,,,,,,
782457-01,,,,,,,,,,,,,
776990-01,,,,,,,,,,,,,
776844-01,,,,,,,,,,,,,
779491-01,,,,,,,,,,,,,
776164-02,,,,,,,,,,,,,
776164-90,,,,,,,,,,,,,
777145-02,,,,,,,,,,,,,
777101-01,,,,,,,,,,,,,
777145-01,,,,,,,,,,,,,
779353-01,,,,,,,,,,,,,
782726-01,,,,,,,,,,,,,
783412-01,,,,,,,,,,,,,
783410-01,,,,,,,,,,,,,
783414-01,,,,,,,,,,,,,
783420-01,,,,,,,,,,,,,
196809-01,,,,,,,,,,,,,
783418-01,,,,,,,,,,,,,
783416-01,,,,,,,,,,,,,
779103-01,,,,,,,,,,,,,
781503-01,,,,,,,,,,,,,
779104-01,,,,,,,,,,,,,
783411-01,,,,,,,,,,,,,
783413-01,,,,,,,,,,,,,
781922-01,,,,,,,,,,,,,
783415-01,,,,,,,,,,,,,
783421-01,,,,,,,,,,,,,
783417-01,,,,,,,,,,,,,
783419-01,,,,,,,,,,,,,
779016-01,,,,,,,,,,,,,
784137-01,,,,,,,,,,,,,
779571-01,,,,,,,,,,,,,
784138-01,,,,,,,,,,,,,
784139-01,,,,,,,,,,,,,
784140-01,,,,,,,,,,,,,
784141-01,,,,,,,,,,,,,
784142-01,,,,,,,,,,,,,
785338-01,,,,,,,,,,,,,
197991-01,,,,,,,,,,,,,
779106-01,,,,,,,,,,,,,
779105-01,,,,,,,,,,,,,
785080-01,,,,,,,,,,,,,
779017-01,,,,,,,,,,,,,
192692-01,,,,,,,,,,,,,
779567-01,,,,,,,,,,,,,
779749-01,,,,,,,,,,,,,
783094-01,,,,,,,,,,,,,
783154-01,,,,,,,,,,,,,
196741-01,,,,,,,,,,,,,
196739-01,,,,,,,,,,,,,
784819-01,,,,,,,,,,,,,
783787-01,,,,,,,,,,,,,
196375-01,,,,,,,,,,,,,
196917-01,,,,,,,,,,,,,
779568-01,,,,,,,,,,,,,
786431-01,,,,,,,,,,,,,
785502-01,,,,,,,,,,,,,
785992-01,,,,,,,,,,,,,
785993-01,,,,,,,,,,,,,
786217-01,,,,,,,,,,,,,
786162-01,,,,,,,,,,,,,
786432-01,,,,,,,,,,,,,
783788-01,,,,,,,,,,,,,
196740-01,,,,,,,,,,,,,
787149-01,,,,,,,,,,,,,
196939-01,,,,,,,,,,,,,
196938-01,,,,,,,,,,,,,
783529-01,,,,,,,,,,,,,
787568-01,,,,,,,,,,,,,
780216-01,,,,,,,,,,,,,
780542-01,,,,,,,,,,,,,
196720-01,,,,,,,,,,,,,
196738-01,,,,,,,,,,,,,
194611-01,,,,,,,,,,,,,
783376-02,,,,,,,,,,,,,
783496-02,,,,,,,,,,,,,
783376-01,,,,,,,,,,,,,
784756-01,,,,,,,,,,,,,
783496-01,,,,,,,,,,,,,
786677-01,,,,,,,,,,,,,
785920-01,,,,,,,,,,,,,
786993-01,,,,,,,,,,,,,
785921-01,,,,,,,,,,,,,
789127-01,,,,,,,,,,,,,
784539-01,,,,,,,,,,,,,
782615-02,,,,,,,,,,,,,
780159-02,,,,,,,,,,,,,
783284-01,,,,,,,,,,,,,
780159-01,,,,,,,,,,,,,
783106-01,,,,,,,,,,,,,
782615-01,,,,,,,,,,,,,
781398-01,,,,,,,,,,,,,
785188-01,,,,,,,,,,,,,
779785-02,,,,,,,,,,,,,
779785-01,,,,,,,,,,,,,
780180-01,,,,,,,,,,,,,
784400-02,,,,,,,,,,,,,
783861-02,,,,,,,,,,,,,
780874-01,,,,,,,,,,,,,
784399-01,,,,,,,,,,,,,
783861-01,,,,,,,,,,,,,
784400-01,,,,,,,,,,,,,
782402-01,,,,,,,,,,,,,
781397-01,,,,,,,,,,,,,
783589-01,,,,,,,,,,,,,
783283-01,,,,,,,,,,,,,
783311-01,,,,,,,,,,,,,
782616-01,,,,,,,,,,,,,
780875-01,,,,,,,,,,,,,
779593-01,,,,,,,,,,,,,
780181-01,,,,,,,,,,,,,
783862-01,,,,,,,,,,,,,
783107-01,,,,,,,,,,,,,
780173-01,,,,,,,,,,,,,
783827-01,,,,,,,,,,,,,
789125-01,,,,,,,,,,,,,
784787-01,,,,,,,,,,,,,
786783-01,,,,,,,,,,,,,
786782-01,,,,,,,,,,,,,
785184-01,,,,,,,,,,,,,
779357-01,,,,,,,,,,,,,
783920-01,,,,,,,,,,,,,
779373-02,,,,,,,,,,,,,
785042-01,,,,,,,,,,,,,
783814-01,,,,,,,,,,,,,
789124-01,,,,,,,,,,,,,
783729-01,,,,,,,,,,,,,
783732-01,,,,,,,,,,,,,
779014-01,,,,,,,,,,,,,
779373-01,,,,,,,,,,,,,
779011-01,,,,,,,,,,,,,
779138-01,,,,,,,,,,,,,
781115-01,,,,,,,,,,,,,
779519-01,,,,,,,,,,,,,
783739-01,,,,,,,,,,,,,
780878-01,,,,,,,,,,,,,
781029-01,,,,,,,,,,,,,
779013-01,,,,,,,,,,,,,
783730-01,,,,,,,,,,,,,
779372-01,,,,,,,,,,,,,
781113-01,,,,,,,,,,,,,
781114-01,,,,,,,,,,,,,
789113-01,,,,,,,,,,,,,
789114-01,,,,,,,,,,,,,
781120-10,,,,,,,,,,,,,
781119-10,,,,,,,,,,,,,
785503-02,,,,,,,,,,,,,
785503-01,,,,,,,,,,,,,
780927-02,,,,,,,,,,,,,
785190-02,,,,,,,,,,,,,
781098-02,,,,,,,,,,,,,
783466-01,,,,,,,,,,,,,
780927-01,,,,,,,,,,,,,
785190-01,,,,,,,,,,,,,
781098-01,,,,,,,,,,,,,
781119-01,,,,,,,,,,,,,
781120-01,,,,,,,,,,,,,
779699-02,,,,,,,,,,,,,
783467-01,,,,,,,,,,,,,
779699-01,,,,,,,,,,,,,
779012-01,,,,,,,,,,,,,
783740-01,,,,,,,,,,,,,
780876-01,,,,,,,,,,,,,
779994-02,,,,,,,,,,,,,
785995-01,,,,,,,,,,,,,
785996-01,,,,,,,,,,,,,
781579-01,,,,,,,,,,,,,
780264-02,,,,,,,,,,,,,
781580-01,,,,,,,,,,,,,
780264-01,,,,,,,,,,,,,
779521-01,,,,,,,,,,,,,
781028-01,,,,,,,,,,,,,
779993-01,,,,,,,,,,,,,
779994-01,,,,,,,,,,,,,
781209-01,,,,,,,,,,,,,
786990-02,,,,,,,,,,,,,
194738-02,,,,,,,,,,,,,
194739-02,,,,,,,,,,,,,
194738-01,,,,,,,,,,,,,
194739-01,,,,,,,,,,,,,
786990-01,,,,,,,,,,,,,
780178-01,,,,,,,,,,,,,
779429-01,,,,,,,,,,,,,
780923-01,,,,,,,,,,,,,
779892-03,,,,,,,,,,,,,
779892-01,,,,,,,,,,,,,
779707-01,,,,,,,,,,,,,
779891-03,,,,,,,,,,,,,
779892-02,,,,,,,,,,,,,
781673-02,,,,,,,,,,,,,
780879-02,,,,,,,,,,,,,
781639-01,,,,,,,,,,,,,
781963-01,,,,,,,,,,,,,
779891-01,,,,,,,,,,,,,
781673-01,,,,,,,,,,,,,
780879-01,,,,,,,,,,,,,
783703-03,,,,,,,,,,,,,
779891-02,,,,,,,,,,,,,
780922-02,,,,,,,,,,,,,
783703-01,,,,,,,,,,,,,
780922-01,,,,,,,,,,,,,
788651-01,,,,,,,,,,,,,
783407-02,,,,,,,,,,,,,
783407-01,,,,,,,,,,,,,
781099-02,,,,,,,,,,,,,
781099-01,,,,,,,,,,,,,
781118-01,,,,,,,,,,,,,
785989-02,,,,,,,,,,,,,
785041-01,,,,,,,,,,,,,
785989-01,,,,,,,,,,,,,
779516-02,,,,,,,,,,,,,
780979-01,,,,,,,,,,,,,
783731-01,,,,,,,,,,,,,
779516-01,,,,,,,,,,,,,
785047-02,,,,,,,,,,,,,
785046-01,,,,,,,,,,,,,
785047-01,,,,,,,,,,,,,
779334-02,,,,,,,,,,,,,
783733-01,,,,,,,,,,,,,
779334-01,,,,,,,,,,,,,
780921-01,,,,,,,,,,,,,
780539-10,,,,,,,,,,,,,
780179-01,,,,,,,,,,,,,
782401-01,,,,,,,,,,,,,
780539-01,,,,,,,,,,,,,
779787-01,,,,,,,,,,,,,
779005-02,,,,,,,,,,,,,
779351-01,,,,,,,,,,,,,
782400-01,,,,,,,,,,,,,
779987-01,,,,,,,,,,,,,
779005-01,,,,,,,,,,,,,
786999-01,,,,,,,,,,,,,
779526-01,,,,,,,,,,,,,
783610-01,,,,,,,,,,,,,
779680-03,,,,,,,,,,,,,
782718-01,,,,,,,,,,,,,
779680-01,,,,,,,,,,,,,
782000-02,,,,,,,,,,,,,
784397-01,,,,,,,,,,,,,
782000-01,,,,,,,,,,,,,
789129-01,,,,,,,,,,,,,
783824-02,,,,,,,,,,,,,
784396-01,,,,,,,,,,,,,
783824-01,,,,,,,,,,,,,
789128-01,,,,,,,,,,,,,
780176-01,,,,,,,,,,,,,
780030-02,,,,,,,,,,,,,
783393-02,,,,,,,,,,,,,
785044-01,,,,,,,,,,,,,
779139-01,,,,,,,,,,,,,
780030-01,,,,,,,,,,,,,
783950-01,,,,,,,,,,,,,
783735-01,,,,,,,,,,,,,
779009-01,,,,,,,,,,,,,
783737-01,,,,,,,,,,,,,
783393-01,,,,,,,,,,,,,
779136-02,,,,,,,,,,,,,
779010-01,,,,,,,,,,,,,
779522-01,,,,,,,,,,,,,
783734-01,,,,,,,,,,,,,
779002-01,,,,,,,,,,,,,
779136-01,,,,,,,,,,,,,
779940-02,,,,,,,,,,,,,
779940-01,,,,,,,,,,,,,
780174-01,,,,,,,,,,,,,
780132-02,,,,,,,,,,,,,
787089-01,,,,,,,,,,,,,
780175-01,,,,,,,,,,,,,
779517-01,,,,,,,,,,,,,
780132-01,,,,,,,,,,,,,
779140-01,,,,,,,,,,,,,
785045-01,,,,,,,,,,,,,
783951-01,,,,,,,,,,,,,
783908-01,,,,,,,,,,,,,
779003-01,,,,,,,,,,,,,
779004-02,,,,,,,,,,,,,
783907-01,,,,,,,,,,,,,
779137-01,,,,,,,,,,,,,
779004-01,,,,,,,,,,,,,
781030-02,,,,,,,,,,,,,
785192-01,,,,,,,,,,,,,
781030-01,,,,,,,,,,,,,
781212-01,,,,,,,,,,,,,
779801-01,,,,,,,,,,,,,
782580-02,,,,,,,,,,,,,
782580-01,,,,,,,,,,,,,
779600-02,,,,,,,,,,,,,
779006-01,,,,,,,,,,,,,
779600-01,,,,,,,,,,,,,
780538-01,,,,,,,,,,,,,
783906-01,,,,,,,,,,,,,
782999-01,,,,,,,,,,,,,
783895-01,,,,,,,,,,,,,
783863-02,,,,,,,,,,,,,
783864-02,,,,,,,,,,,,,
783863-03,,,,,,,,,,,,,
783863-01,,,,,,,,,,,,,
785186-01,,,,,,,,,,,,,
783864-01,,,,,,,,,,,,,
785189-01,,,,,,,,,,,,,
783664-01,,,,,,,,,,,,,
783704-01,,,,,,,,,,,,,
779592-01,,,,,,,,,,,,,
784446-01,,,,,,,,,,,,,
784445-01,,,,,,,,,,,,,
780877-10,,,,,,,,,,,,,
785480-01,,,,,,,,,,,,,
785479-01,,,,,,,,,,,,,
785963-01,,,,,,,,,,,,,
785965-01,,,,,,,,,,,,,
785966-01,,,,,,,,,,,,,
787433-01,,,,,,,,,,,,,
787325-01,,,,,,,,,,,,,
783000-01,,,,,,,,,,,,,
781632-01,,,,,,,,,,,,,
781955-01,,,,,,,,,,,,,
781955-02,,,,,,,,,,,,,
781210-10,,,,,,,,,,,,,
781510-01,,,,,,,,,,,,,
785185-02,,,,,,,,,,,,,
785185-01,,,,,,,,,,,,,
781210-01,,,,,,,,,,,,,
780493-02,,,,,,,,,,,,,
784609-01,,,,,,,,,,,,,
785259-01,,,,,,,,,,,,,
782975-01,,,,,,,,,,,,,
780493-01,,,,,,,,,,,,,
779001-01,,,,,,,,,,,,,
780877-01,,,,,,,,,,,,,
784788-01,,,,,,,,,,,,,
785043-01,,,,,,,,,,,,,
779781-02,,,,,,,,,,,,,
783367-01,,,,,,,,,,,,,
781027-01,,,,,,,,,,,,,
785994-01,,,,,,,,,,,,,
783362-01,,,,,,,,,,,,,
779781-01,,,,,,,,,,,,,
789130-01,,,,,,,,,,,,,
789131-01,,,,,,,,,,,,,
781068-02,,,,,,,,,,,,,
780968-02,,,,,,,,,,,,,
781068-01,,,,,,,,,,,,,
780968-01,,,,,,,,,,,,,
785040-01,,,,,,,,,,,,,
781069-01,,,,,,,,,,,,,
779566-01,,,,,,,,,,,,,
778747-01,,,,,,,,,,,,,
782648-01,,,,,,,,,,,,,
782647-01,,,,,,,,,,,,,
781516-01,,,,,,,,,,,,,
781518-01,,,,,,,,,,,,,
781519-01,,,,,,,,,,,,,
781517-01,,,,,,,,,,,,,
779763-01,,,,,,,,,,,,,
779556-01,,,,,,,,,,,,,
777960-01,,,,,,,,,,,,,
778289-01,,,,,,,,,,,,,
777807-01,,,,,,,,,,,,,
777643-01,,,,,,,,,,,,,
779347-01,,,,,,,,,,,,,
779554-01,,,,,,,,,,,,,
777141-01,,,,,,,,,,,,,
868019-01,,,,,,,,,,,,,
868017-01,,,,,,,,,,,,,
865665-01,,,,,,,,,,,,,
868016-01,,,,,,,,,,,,,
865685-01,,,,,,,,,,,,,
865682-01,,,,,,,,,,,,,
782097-02,,,,,,,,,,,,,
782097-01,,,,,,,,,,,,,
781723-01,,,,,,,,,,,,,
786471-01,,,,,,,,,,,,,
786374-01,,,,,,,,,,,,,
786469-01,,,,,,,,,,,,,
785854-01,,,,,,,,,,,,,
785942-01,,,,,,,,,,,,,
785940-01,,,,,,,,,,,,,
785943-01,,,,,,,,,,,,,
785941-01,,,,,,,,,,,,,
786394-01,,,,,,,,,,,,,
786443-01,,,,,,,,,,,,,
787038-03,,,,,,,,,,,,,
787037-03,,,,,,,,,,,,,
787038-01,,,,,,,,,,,,,
787037-01,,,,,,,,,,,,,
787037-0R3,,,,,,,,,,,,,
787038-0R3,,,,,,,,,,,,,
781320-02,,,,,,,,,,,,,
781320-01,,,,,,,,,,,,,
783888-01,,,,,,,,,,,,,
781702-01,,,,,,,,,,,,,
783887-01,,,,,,,,,,,,,
784060-01,,,,,,,,,,,,,
781071-01,,,,,,,,,,,,,
780565-01,,,,,,,,,,,,,
782510-01,,,,,,,,,,,,,
782511-01,,,,,,,,,,,,,
782512-01,,,,,,,,,,,,,
781267-01,,,,,,,,,,,,,
781290-03,,,,,,,,,,,,,
781290-02,,,,,,,,,,,,,
781290-01,,,,,,,,,,,,,
783766-01,,,,,,,,,,,,,
783763-01,,,,,,,,,,,,,
783765-01,,,,,,,,,,,,,
784302-01,,,,,,,,,,,,,
199429-01,,,,,,,,,,,,,
199431-01,,,,,,,,,,,,,
783198-01,,,,,,,,,,,,,
199430-01,,,,,,,,,,,,,
779689-01,,,,,,,,,,,,,
786797-01,,,,,,,,,,,,,
783759-01,,,,,,,,,,,,,
783758-01,,,,,,,,,,,,,
782693-01,,,,,,,,,,,,,
782692-01,,,,,,,,,,,,,
782690-01,,,,,,,,,,,,,
782691-01,,,,,,,,,,,,,
783072-01,,,,,,,,,,,,,
783069-01,,,,,,,,,,,,,
783070-01,,,,,,,,,,,,,
778701-01,,,,,,,,,,,,,
787790-01,,,,,,,,,,,,,
780684-02,,,,,,,,,,,,,
780683-02,,,,,,,,,,,,,
780684-01,,,,,,,,,,,,,
781365-01,,,,,,,,,,,,,
780592-02,,,,,,,,,,,,,
780591-02,,,,,,,,,,,,,
780683-01,,,,,,,,,,,,,
781062-01,,,,,,,,,,,,,
781060-01,,,,,,,,,,,,,
780592-01,,,,,,,,,,,,,
780591-01,,,,,,,,,,,,,
778686-01,,,,,,,,,,,,,
778930-01,,,,,,,,,,,,,
781745-01,,,,,,,,,,,,,
781744-01,,,,,,,,,,,,,
782124-01,,,,,,,,,,,,,
782122-01,,,,,,,,,,,,,
777531-01,,,,,,,,,,,,,
785822-01,,,,,,,,,,,,,
778966-01,,,,,,,,,,,,,
782631-01,,,,,,,,,,,,,
153500-02L,,,,,,,,,,,,,
782630-01,,,,,,,,,,,,,
782629-01,,,,,,,,,,,,,
779976-01,,,,,,,,,,,,,
777690-01,,,,,,,,,,,,,
778968-01,,,,,,,,,,,,,
778970-01,,,,,,,,,,,,,
779546-01,,,,,,,,,,,,,
779111-01,,,,,,,,,,,,,
779513-01,,,,,,,,,,,,,
779109-01,,,,,,,,,,,,,
779072-01,,,,,,,,,,,,,
779512-01,,,,,,,,,,,,,
779071-01,,,,,,,,,,,,,
779295-01,,,,,,,,,,,,,
779070-01,,,,,,,,,,,,,
779069-01,,,,,,,,,,,,,
779068-01,,,,,,,,,,,,,
779066-01,,,,,,,,,,,,,
779418-01,,,,,,,,,,,,,
191329-04,,,,,,,,,,,,,
779065-01,,,,,,,,,,,,,
781103-01,,,,,,,,,,,,,
786458-01,,,,,,,,,,,,,
786455-01,,,,,,,,,,,,,
781101-01,,,,,,,,,,,,,
786457-01,,,,,,,,,,,,,
786456-01,,,,,,,,,,,,,
781100-01,,,,,,,,,,,,,
785809-01,,,,,,,,,,,,,
785817-01,,,,,,,,,,,,,
785813-01,,,,,,,,,,,,,
781051-01,,,,,,,,,,,,,
781049-01,,,,,,,,,,,,,
781050-01,,,,,,,,,,,,,
781047-01,,,,,,,,,,,,,
781048-01,,,,,,,,,,,,,
781045-01,,,,,,,,,,,,,
781046-01,,,,,,,,,,,,,
781044-01,,,,,,,,,,,,,
781043-01,,,,,,,,,,,,,
778275-01,,,,,,,,,,,,,
779770-01,,,,,,,,,,,,,
779771-01,,,,,,,,,,,,,
785650-01,,,,,,,,,,,,,
785650-02,,,,,,,,,,,,,
785959-01,,,,,,,,,,,,,
785962-01,,,,,,,,,,,,,
785594-01,,,,,,,,,,,,,
785961-01,,,,,,,,,,,,,
785593-01,,,,,,,,,,,,,
785960-01,,,,,,,,,,,,,
785589-01,,,,,,,,,,,,,
785588-02,,,,,,,,,,,,,
786502-01,,,,,,,,,,,,,
782525-01,,,,,,,,,,,,,
778834-01,,,,,,,,,,,,,
778836-01,,,,,,,,,,,,,
778835-01,,,,,,,,,,,,,
779082-01,,,,,,,,,,,,,
779083-01,,,,,,,,,,,,,
779084-01,,,,,,,,,,,,,
779085-01,,,,,,,,,,,,,
779659-03,,,,,,,,,,,,,
779659-02,,,,,,,,,,,,,
779659-01,,,,,,,,,,,,,
779686-01,,,,,,,,,,,,,
779370-01,,,,,,,,,,,,,
779363-01,,,,,,,,,,,,,
781169-01,,,,,,,,,,,,,
785605-01,,,,,,,,,,,,,
782890-01,,,,,,,,,,,,,
784767-01,,,,,,,,,,,,,
786014-01,,,,,,,,,,,,,
784765-01,,,,,,,,,,,,,
784766-01,,,,,,,,,,,,,
784763-01,,,,,,,,,,,,,
786011-01,,,,,,,,,,,,,
784761-01,,,,,,,,,,,,,
786012-01,,,,,,,,,,,,,
786013-01,,,,,,,,,,,,,
786010-01,,,,,,,,,,,,,
786007-01,,,,,,,,,,,,,
786006-01,,,,,,,,,,,,,
786009-01,,,,,,,,,,,,,
785675-01,,,,,,,,,,,,,
785797-01,,,,,,,,,,,,,
785674-01,,,,,,,,,,,,,
787440-01,,,,,,,,,,,,,
781094-01,,,,,,,,,,,,,
154169-01,,,,,,,,,,,,,
779972-01,,,,,,,,,,,,,
780308-01,,,,,,,,,,,,,
788722-01,,,,,,,,,,,,,
777567-01,,,,,,,,,,,,,
780703-01,,,,,,,,,,,,,
784301-01,,,,,,,,,,,,,
784502-01,,,,,,,,,,,,,
784197-01,,,,,,,,,,,,,
786334-01,,,,,,,,,,,,,
786364-01,,,,,,,,,,,,,
782508-02,,,,,,,,,,,,,
781153-01,,,,,,,,,,,,,
778644-01,,,,,,,,,,,,,
778644-02,,,,,,,,,,,,,
778643-01,,,,,,,,,,,,,
778700-01,,,,,,,,,,,,,
778643-02,,,,,,,,,,,,,
778646-01,,,,,,,,,,,,,
782950-01,,,,,,,,,,,,,
778679-01,,,,,,,,,,,,,
199198-01,,,,,,,,,,,,,
787051-01,,,,,,,,,,,,,
785863-01,,,,,,,,,,,,,
782108-01,,,,,,,,,,,,,
778933-01,,,,,,,,,,,,,
192524-01,,,,,,,,,,,,,
778720-01,,,,,,,,,,,,,
786460-01,,,,,,,,,,,,,
786342-01,,,,,,,,,,,,,
786461-01,,,,,,,,,,,,,
782839-01,,,,,,,,,,,,,
867015-01,,,,,,,,,,,,,
867015-02,,,,,,,,,,,,,
867015-04,,,,,,,,,,,,,
867015-03,,,,,,,,,,,,,
867014-01,,,,,,,,,,,,,
867014-02,,,,,,,,,,,,,
867014-03,,,,,,,,,,,,,
867014-04,,,,,,,,,,,,,
867113-01,,,,,,,,,,,,,
867113-02,,,,,,,,,,,,,
867113-03,,,,,,,,,,,,,
867113-04,,,,,,,,,,,,,
867122-01,,,,,,,,,,,,,
867122-03,,,,,,,,,,,,,
867122-04,,,,,,,,,,,,,
867122-02,,,,,,,,,,,,,
867013-01,,,,,,,,,,,,,
867013-02,,,,,,,,,,,,,
867013-03,,,,,,,,,,,,,
867013-04,,,,,,,,,,,,,
867010-01,,,,,,,,,,,,,
867010-03,,,,,,,,,,,,,
867010-02,,,,,,,,,,,,,
867010-04,,,,,,,,,,,,,
867121-01,,,,,,,,,,,,,
867121-02,,,,,,,,,,,,,
867121-03,,,,,,,,,,,,,
867121-04,,,,,,,,,,,,,
867125-01,,,,,,,,,,,,,
867125-03,,,,,,,,,,,,,
867125-04,,,,,,,,,,,,,
867125-02,,,,,,,,,,,,,
867012-01,,,,,,,,,,,,,
867012-02,,,,,,,,,,,,,
867012-03,,,,,,,,,,,,,
867012-04,,,,,,,,,,,,,
867111-01,,,,,,,,,,,,,
867111-02,,,,,,,,,,,,,
867111-04,,,,,,,,,,,,,
867111-03,,,,,,,,,,,,,
867126-01,,,,,,,,,,,,,
867126-02,,,,,,,,,,,,,
867126-03,,,,,,,,,,,,,
867126-04,,,,,,,,,,,,,
867112-01,,,,,,,,,,,,,
867110-02,,,,,,,,,,,,,
867110-01,,,,,,,,,,,,,
867112-02,,,,,,,,,,,,,
867112-03,,,,,,,,,,,,,
867112-04,,,,,,,,,,,,,
867110-03,,,,,,,,,,,,,
867110-04,,,,,,,,,,,,,
865534-01,,,,,,,,,,,,,
867120-01,,,,,,,,,,,,,
867120-02,,,,,,,,,,,,,
867120-03,,,,,,,,,,,,,
867120-04,,,,,,,,,,,,,
867116-02,,,,,,,,,,,,,
867116-03,,,,,,,,,,,,,
867116-04,,,,,,,,,,,,,
867116-01,,,,,,,,,,,,,
867124-01,,,,,,,,,,,,,
867124-02,,,,,,,,,,,,,
867124-03,,,,,,,,,,,,,
867124-04,,,,,,,,,,,,,
867011-01,,,,,,,,,,,,,
867011-02,,,,,,,,,,,,,
867011-03,,,,,,,,,,,,,
867011-04,,,,,,,,,,,,,
867123-01,,,,,,,,,,,,,
867123-02,,,,,,,,,,,,,
867123-03,,,,,,,,,,,,,
867123-04,,,,,,,,,,,,,
867119-01,,,,,,,,,,,,,
867119-02,,,,,,,,,,,,,
867119-03,,,,,,,,,,,,,
867119-04,,,,,,,,,,,,,
867115-01,,,,,,,,,,,,,
867115-02,,,,,,,,,,,,,
867115-03,,,,,,,,,,,,,
867115-04,,,,,,,,,,,,,
867117-01,,,,,,,,,,,,,
867118-01,,,,,,,,,,,,,
867117-04,,,,,,,,,,,,,
867117-02,,,,,,,,,,,,,
867117-03,,,,,,,,,,,,,
867118-04,,,,,,,,,,,,,
867118-02,,,,,,,,,,,,,
867118-03,,,,,,,,,,,,,
867114-01,,,,,,,,,,,,,
867114-02,,,,,,,,,,,,,
867114-03,,,,,,,,,,,,,
867114-04,,,,,,,,,,,,,
787137-01,,,,,,,,,,,,,
781720-01,,,,,,,,,,,,,
783588-01,,,,,,,,,,,,,
785971-01,,,,,,,,,,,,,
783882-01,,,,,,,,,,,,,
786397-01,,,,,,,,,,,,,
786991-01,,,,,,,,,,,,,
784058-01,,,,,,,,,,,,,
784781-01,,,,,,,,,,,,,
782946-01,,,,,,,,,,,,,
784782-01,,,,,,,,,,,,,
781161-01,,,,,,,,,,,,,
781161-02,,,,,,,,,,,,,
781163-01,,,,,,,,,,,,,
787026-01,,,,,,,,,,,,,
781368-01,,,,,,,,,,,,,
787040-01,,,,,,,,,,,,,
782410-01,,,,,,,,,,,,,
787806-01,,,,,,,,,,,,,
787806-0118,,,,,,,,,,,,,
787805-33,,,,,,,,,,,,,
787805-01,,,,,,,,,,,,,
786636-0118,,,,,,,,,,,,,
786636-01,,,,,,,,,,,,,
786636-00,,,,,,,,,,,,,
789999-03,,,,,,,,,,,,,
787892-33,,,,,,,,,,,,,
789431-01,,,,,,,,,,,,,
789431-0118,,,,,,,,,,,,,
789999-02,,,,,,,,,,,,,
789999-01,,,,,,,,,,,,,
789999-04,,,,,,,,,,,,,
787807-01,,,,,,,,,,,,,
787807-0118,,,,,,,,,,,,,
787076-00,,,,,,,,,,,,,
787567-01,,,,,,,,,,,,,
785831-01,,,,,,,,,,,,,
786986-01,,,,,,,,,,,,,
785831-33,,,,,,,,,,,,,
783513-33,,,,,,,,,,,,,
788167-33,,,,,,,,,,,,,
785831-0118,,,,,,,,,,,,,
788167-01,,,,,,,,,,,,,
788818-01,,,,,,,,,,,,,
784204-04,,,,,,,,,,,,,
783513-04,,,,,,,,,,,,,
783513-05,,,,,,,,,,,,,
783513-00,,,,,,,,,,,,,
787987-33,,,,,,,,,,,,,
787987-01,,,,,,,,,,,,,
787987-00,,,,,,,,,,,,,
789546-01,,,,,,,,,,,,,
788817-01,,,,,,,,,,,,,
788817-0118,,,,,,,,,,,,,
787882-33,,,,,,,,,,,,,
784007-33,,,,,,,,,,,,,
787882-01,,,,,,,,,,,,,
788816-01,,,,,,,,,,,,,
785546-01,,,,,,,,,,,,,
784007-04,,,,,,,,,,,,,
784007-00,,,,,,,,,,,,,
788816-0118,,,,,,,,,,,,,
785782-33,,,,,,,,,,,,,
785782-01,,,,,,,,,,,,,
785782-04,,,,,,,,,,,,,
785781-00,,,,,,,,,,,,,
787881-33,,,,,,,,,,,,,
787881-01,,,,,,,,,,,,,
788815-01,,,,,,,,,,,,,
788815-0118,,,,,,,,,,,,,
785158-33,,,,,,,,,,,,,
785545-01,,,,,,,,,,,,,
785158-04,,,,,,,,,,,,,
785158-00,,,,,,,,,,,,,
787893-33,,,,,,,,,,,,,
787881-0118,,,,,,,,,,,,,
787987-0118,,,,,,,,,,,,,
784471-01,,,,,,,,,,,,,
783866-01,,,,,,,,,,,,,
783868-01,,,,,,,,,,,,,
784813-01,,,,,,,,,,,,,
783865-01,,,,,,,,,,,,,
783867-01,,,,,,,,,,,,,
781337-01,,,,,,,,,,,,,
783801-01,,,,,,,,,,,,,
778512-01,,,,,,,,,,,,,
782878-01,,,,,,,,,,,,,
777796-01,,,,,,,,,,,,,
778998-01,,,,,,,,,,,,,
783800-01,,,,,,,,,,,,,
780689-02,,,,,,,,,,,,,
789380-01,,,,,,,,,,,,,
787311-01,,,,,,,,,,,,,
780688-02,,,,,,,,,,,,,
786771-01,,,,,,,,,,,,,
787312-01,,,,,,,,,,,,,
784122-01,,,,,,,,,,,,,
780687-02,,,,,,,,,,,,,
781366-01,,,,,,,,,,,,,
781473-02,,,,,,,,,,,,,
784121-01,,,,,,,,,,,,,
780688-01,,,,,,,,,,,,,
781472-02,,,,,,,,,,,,,
781063-01,,,,,,,,,,,,,
781061-01,,,,,,,,,,,,,
780687-01,,,,,,,,,,,,,
781473-01,,,,,,,,,,,,,
781753-01,,,,,,,,,,,,,
781472-01,,,,,,,,,,,,,
779537-01,,,,,,,,,,,,,
778039-01,,,,,,,,,,,,,
782353-01,,,,,,,,,,,,,
782352-01,,,,,,,,,,,,,
780993-03,,,,,,,,,,,,,
780993-02,,,,,,,,,,,,,
781012-01,,,,,,,,,,,,,
781011-03,,,,,,,,,,,,,
780993-01,,,,,,,,,,,,,
781011-02,,,,,,,,,,,,,
780992-03,,,,,,,,,,,,,
780992-02,,,,,,,,,,,,,
780992-01,,,,,,,,,,,,,
787358-01,,,,,,,,,,,,,
778858-01,,,,,,,,,,,,,
779639-01,,,,,,,,,,,,,
779547-01,,,,,,,,,,,,,
779123-01,,,,,,,,,,,,,
779778-01,,,,,,,,,,,,,
779122-01,,,,,,,,,,,,,
779121-01,,,,,,,,,,,,,
779119-01,,,,,,,,,,,,,
779632-01,,,,,,,,,,,,,
779120-01,,,,,,,,,,,,,
779624-01,,,,,,,,,,,,,
779118-01,,,,,,,,,,,,,
779618-01,,,,,,,,,,,,,
779296-01,,,,,,,,,,,,,
779631-01,,,,,,,,,,,,,
779117-01,,,,,,,,,,,,,
779616-01,,,,,,,,,,,,,
779630-01,,,,,,,,,,,,,
779115-01,,,,,,,,,,,,,
779114-01,,,,,,,,,,,,,
779113-01,,,,,,,,,,,,,
779629-01,,,,,,,,,,,,,
779112-01,,,,,,,,,,,,,
780536-01,,,,,,,,,,,,,
779129-01,,,,,,,,,,,,,
779180-01,,,,,,,,,,,,,
778771-01,,,,,,,,,,,,,
779181-01,,,,,,,,,,,,,
779127-01,,,,,,,,,,,,,
779063-01,,,,,,,,,,,,,
781476-01,,,,,,,,,,,,,
781058-01,,,,,,,,,,,,,
785927-01,,,,,,,,,,,,,
785926-01,,,,,,,,,,,,,
781054-01,,,,,,,,,,,,,
783634-01,,,,,,,,,,,,,
781475-01,,,,,,,,,,,,,
785808-01,,,,,,,,,,,,,
781057-01,,,,,,,,,,,,,
783633-01,,,,,,,,,,,,,
781053-01,,,,,,,,,,,,,
783632-01,,,,,,,,,,,,,
781056-01,,,,,,,,,,,,,
783631-01,,,,,,,,,,,,,
781055-01,,,,,,,,,,,,,
781052-01,,,,,,,,,,,,,
778271-01,,,,,,,,,,,,,
778270-01,,,,,,,,,,,,,
783130-01,,,,,,,,,,,,,
783131-01,,,,,,,,,,,,,
778274-01,,,,,,,,,,,,,
783129-01,,,,,,,,,,,,,
780011-01,,,,,,,,,,,,,
779614-01,,,,,,,,,,,,,
785283-01,,,,,,,,,,,,,
786320-01,,,,,,,,,,,,,
785068-01,,,,,,,,,,,,,
783087-02,,,,,,,,,,,,,
784977-01,,,,,,,,,,,,,
784976-01,,,,,,,,,,,,,
787314-01,,,,,,,,,,,,,
787313-01,,,,,,,,,,,,,
780587-14,,,,,,,,,,,,,
780587-12,,,,,,,,,,,,,
778572-10,,,,,,,,,,,,,
780587-15,,,,,,,,,,,,,
778572-12,,,,,,,,,,,,,
780587-24,,,,,,,,,,,,,
785174-01,,,,,,,,,,,,,
785173-01,,,,,,,,,,,,,
785647-01,,,,,,,,,,,,,
785592-01,,,,,,,,,,,,,
785647-02,,,,,,,,,,,,,
785647-11,,,,,,,,,,,,,
785647-12,,,,,,,,,,,,,
785168-01,,,,,,,,,,,,,
785171-01,,,,,,,,,,,,,
785646-02,,,,,,,,,,,,,
785646-01,,,,,,,,,,,,,
785162-01,,,,,,,,,,,,,
785591-01,,,,,,,,,,,,,
785165-01,,,,,,,,,,,,,
785167-01,,,,,,,,,,,,,
785170-01,,,,,,,,,,,,,
785590-01,,,,,,,,,,,,,
785164-01,,,,,,,,,,,,,
785166-01,,,,,,,,,,,,,
785169-01,,,,,,,,,,,,,
785163-01,,,,,,,,,,,,,
785160-01,,,,,,,,,,,,,
783625-01,,,,,,,,,,,,,
782955-01,,,,,,,,,,,,,
782954-01,,,,,,,,,,,,,
781805-01,,,,,,,,,,,,,
781207-01,,,,,,,,,,,,,
782953-01,,,,,,,,,,,,,
781206-01,,,,,,,,,,,,,
781205-01,,,,,,,,,,,,,
780563-01,,,,,,,,,,,,,
780562-01,,,,,,,,,,,,,
780561-01,,,,,,,,,,,,,
780560-01,,,,,,,,,,,,,
785586-02,,,,,,,,,,,,,
785586-01,,,,,,,,,,,,,
785585-01,,,,,,,,,,,,,
785585-02,,,,,,,,,,,,,
785584-01,,,,,,,,,,,,,
785584-02,,,,,,,,,,,,,
785598-01,,,,,,,,,,,,,
785598-02,,,,,,,,,,,,,
785597-02,,,,,,,,,,,,,
785597-01,,,,,,,,,,,,,
785596-01,,,,,,,,,,,,,
788714-01,,,,,,,,,,,,,
788716-01,,,,,,,,,,,,,
788715-01,,,,,,,,,,,,,
788781-01,,,,,,,,,,,,,
788719-01,,,,,,,,,,,,,
788356-01,,,,,,,,,,,,,
788355-01,,,,,,,,,,,,,
788357-01,,,,,,,,,,,,,
778975-01,,,,,,,,,,,,,
778543-01,,,,,,,,,,,,,
779949-01,,,,,,,,,,,,,
779313-01,,,,,,,,,,,,,
778967-01,,,,,,,,,,,,,
778969-01,,,,,,,,,,,,,
778971-01,,,,,,,,,,,,,
778965-01,,,,,,,,,,,,,
778964-01,,,,,,,,,,,,,
788088-01,,,,,,,,,,,,,
788101-01,,,,,,,,,,,,,
787453-01,,,,,,,,,,,,,
787454-01,,,,,,,,,,,,,
787455-01,,,,,,,,,,,,,
788712-01,,,,,,,,,,,,,
788711-01,,,,,,,,,,,,,
788713-01,,,,,,,,,,,,,
788351-01,,,,,,,,,,,,,
788350-01,,,,,,,,,,,,,
788352-01,,,,,,,,,,,,,
782058-02,,,,,,,,,,,,,
782058-01,,,,,,,,,,,,,
782057-02,,,,,,,,,,,,,
782622-16,,,,,,,,,,,,,
782622-06,,,,,,,,,,,,,
782057-01,,,,,,,,,,,,,
782622-15,,,,,,,,,,,,,
782622-05,,,,,,,,,,,,,
779153-03,,,,,,,,,,,,,
784183-01,,,,,,,,,,,,,
782621-13,,,,,,,,,,,,,
782622-11,,,,,,,,,,,,,
782622-01,,,,,,,,,,,,,
782621-03,,,,,,,,,,,,,
784226-01,,,,,,,,,,,,,
783692-01,,,,,,,,,,,,,
782621-12,,,,,,,,,,,,,
779153-02,,,,,,,,,,,,,
782621-02,,,,,,,,,,,,,
784225-01,,,,,,,,,,,,,
785182-01,,,,,,,,,,,,,
783691-01,,,,,,,,,,,,,
779153-01,,,,,,,,,,,,,
779967-03,,,,,,,,,,,,,
784224-01,,,,,,,,,,,,,
786405-11,,,,,,,,,,,,,
779967-02,,,,,,,,,,,,,
782621-11,,,,,,,,,,,,,
782621-01,,,,,,,,,,,,,
786405-01,,,,,,,,,,,,,
783590-03,,,,,,,,,,,,,
780412-01,,,,,,,,,,,,,
783690-01,,,,,,,,,,,,,
779967-01,,,,,,,,,,,,,
786375-11,,,,,,,,,,,,,
783590-02,,,,,,,,,,,,,
785770-11,,,,,,,,,,,,,
786375-01,,,,,,,,,,,,,
785770-01,,,,,,,,,,,,,
783590-01,,,,,,,,,,,,,
783591-03,,,,,,,,,,,,,
785769-11,,,,,,,,,,,,,
785769-01,,,,,,,,,,,,,
783591-02,,,,,,,,,,,,,
785768-11,,,,,,,,,,,,,
783591-01,,,,,,,,,,,,,
780166-01,,,,,,,,,,,,,
785768-01,,,,,,,,,,,,,
785767-11,,,,,,,,,,,,,
785767-01,,,,,,,,,,,,,
782834-01,,,,,,,,,,,,,
781756-02,,,,,,,,,,,,,
779647-11,,,,,,,,,,,,,
782857-01,,,,,,,,,,,,,
782857-02,,,,,,,,,,,,,
779647-10,,,,,,,,,,,,,
782957-01,,,,,,,,,,,,,
788176-02,,,,,,,,,,,,,
788176-01,,,,,,,,,,,,,
781985-22,,,,,,,,,,,,,
781986-25,,,,,,,,,,,,,
781986-27,,,,,,,,,,,,,
788179-01,,,,,,,,,,,,,
778572-67,,,,,,,,,,,,,
780587-42,,,,,,,,,,,,,
778572-69,,,,,,,,,,,,,
780587-69,,,,,,,,,,,,,
778572-20,,,,,,,,,,,,,
778572-71,,,,,,,,,,,,,
778572-68,,,,,,,,,,,,,
778572-22,,,,,,,,,,,,,
777754-01,,,,,,,,,,,,,
778572-70,,,,,,,,,,,,,
778572-21,,,,,,,,,,,,,
778572-86,,,,,,,,,,,,,
778572-23,,,,,,,,,,,,,
778572-64,,,,,,,,,,,,,
778572-66,,,,,,,,,,,,,
784457-01,,,,,,,,,,,,,
784455-01,,,,,,,,,,,,,
784439-01,,,,,,,,,,,,,
784096-01,,,,,,,,,,,,,
782549-01,,,,,,,,,,,,,
783902-01,,,,,,,,,,,,,
781340-02,,,,,,,,,,,,,
784777-02,,,,,,,,,,,,,
784777-01,,,,,,,,,,,,,
784776-02,,,,,,,,,,,,,
784776-01,,,,,,,,,,,,,
783127-02,,,,,,,,,,,,,
783127-01,,,,,,,,,,,,,
783126-02,,,,,,,,,,,,,
783126-01,,,,,,,,,,,,,
781216-01,,,,,,,,,,,,,
781215-01,,,,,,,,,,,,,
781217-01,,,,,,,,,,,,,
782358-01,,,,,,,,,,,,,
778572-98,,,,,,,,,,,,,
778572-48,,,,,,,,,,,,,
778572-99,,,,,,,,,,,,,
778572-49,,,,,,,,,,,,,
780587-41,,,,,,,,,,,,,
780587-40,,,,,,,,,,,,,
782356-01,,,,,,,,,,,,,
778572-96,,,,,,,,,,,,,
782357-01,,,,,,,,,,,,,
780587-43,,,,,,,,,,,,,
780587-44,,,,,,,,,,,,,
778572-97,,,,,,,,,,,,,
780587-47,,,,,,,,,,,,,
780587-48,,,,,,,,,,,,,
778572-47,,,,,,,,,,,,,
778572-46,,,,,,,,,,,,,
780587-46,,,,,,,,,,,,,
782359-01,,,,,,,,,,,,,
778793-01,,,,,,,,,,,,,
778572-45,,,,,,,,,,,,,
778572-95,,,,,,,,,,,,,
778572-94,,,,,,,,,,,,,
784456-01,,,,,,,,,,,,,
787251-01,,,,,,,,,,,,,
781263-03,,,,,,,,,,,,,
781263-02,,,,,,,,,,,,,
779900-01,,,,,,,,,,,,,
781262-02,,,,,,,,,,,,,
781263-01,,,,,,,,,,,,,
781262-01,,,,,,,,,,,,,
784232-01,,,,,,,,,,,,,
786939-01,,,,,,,,,,,,,
783638-01,,,,,,,,,,,,,
785977-01,,,,,,,,,,,,,
785976-01,,,,,,,,,,,,,
783639-01,,,,,,,,,,,,,
783486-01,,,,,,,,,,,,,
783485-01,,,,,,,,,,,,,
783484-01,,,,,,,,,,,,,
780342-01,,,,,,,,,,,,,
786672-01,,,,,,,,,,,,,
785571-01,,,,,,,,,,,,,
780341-01,,,,,,,,,,,,,
787354-01,,,,,,,,,,,,,
786671-01,,,,,,,,,,,,,
784147-01,,,,,,,,,,,,,
780340-01,,,,,,,,,,,,,
785570-01,,,,,,,,,,,,,
787355-01,,,,,,,,,,,,,
780339-01,,,,,,,,,,,,,
780338-01,,,,,,,,,,,,,
784146-01,,,,,,,,,,,,,
784145-01,,,,,,,,,,,,,
784144-01,,,,,,,,,,,,,
780337-01,,,,,,,,,,,,,
784143-01,,,,,,,,,,,,,
780710-01,,,,,,,,,,,,,
783086-02,,,,,,,,,,,,,
783086-01,,,,,,,,,,,,,
779747-01,,,,,,,,,,,,,
784277-01,,,,,,,,,,,,,
784278-01,,,,,,,,,,,,,
781370-01,,,,,,,,,,,,,
780217-01,,,,,,,,,,,,,
781369-01,,,,,,,,,,,,,
783087-01,,,,,,,,,,,,,
788511-01,,,,,,,,,,,,,
788512-01,,,,,,,,,,,,,
778442-01,,,,,,,,,,,,,
779687-01,,,,,,,,,,,,,
781490-01,,,,,,,,,,,,,
784483-02,,,,,,,,,,,,,
784483-01,,,,,,,,,,,,,
785680-01,,,,,,,,,,,,,
786888-01,,,,,,,,,,,,,
782431-01,,,,,,,,,,,,,
782435-01,,,,,,,,,,,,,
781743-01,,,,,,,,,,,,,
782430-01,,,,,,,,,,,,,
782432-01,,,,,,,,,,,,,
783761-02,,,,,,,,,,,,,
782856-03,,,,,,,,,,,,,
783762-01,,,,,,,,,,,,,
781742-01,,,,,,,,,,,,,
783761-01,,,,,,,,,,,,,
782856-02,,,,,,,,,,,,,
783760-01,,,,,,,,,,,,,
782856-01,,,,,,,,,,,,,
780558-01,,,,,,,,,,,,,
779647-31,,,,,,,,,,,,,
779647-30,,,,,,,,,,,,,
785308-01,,,,,,,,,,,,,
781345-01,,,,,,,,,,,,,
783531-01,,,,,,,,,,,,,
781346-01,,,,,,,,,,,,,
782383-01,,,,,,,,,,,,,
782384-01,,,,,,,,,,,,,
780587-31,,,,,,,,,,,,,
778572-33,,,,,,,,,,,,,
778572-34,,,,,,,,,,,,,
778572-35,,,,,,,,,,,,,
778572-36,,,,,,,,,,,,,
782835-37,,,,,,,,,,,,,
782835-38,,,,,,,,,,,,,
782835-39,,,,,,,,,,,,,
780587-29,,,,,,,,,,,,,
778739-01,,,,,,,,,,,,,
778572-30,,,,,,,,,,,,,
777697-01,,,,,,,,,,,,,
778572-75,,,,,,,,,,,,,
780587-75,,,,,,,,,,,,,
780587-93,,,,,,,,,,,,,
778572-84,,,,,,,,,,,,,
778572-76,,,,,,,,,,,,,
780587-25,,,,,,,,,,,,,
780587-26,,,,,,,,,,,,,
778572-27,,,,,,,,,,,,,
780587-27,,,,,,,,,,,,,
778572-85,,,,,,,,,,,,,
782118-01,,,,,,,,,,,,,
781348-01,,,,,,,,,,,,,
781037-01,,,,,,,,,,,,,
780063-01,,,,,,,,,,,,,
782109-01,,,,,,,,,,,,,
782110-01,,,,,,,,,,,,,
783124-03,,,,,,,,,,,,,
783156-03,,,,,,,,,,,,,
783124-02,,,,,,,,,,,,,
783124-01,,,,,,,,,,,,,
783156-02,,,,,,,,,,,,,
783156-01,,,,,,,,,,,,,
781426-03,,,,,,,,,,,,,
781426-02,,,,,,,,,,,,,
781426-01,,,,,,,,,,,,,
781260-02,,,,,,,,,,,,,
781259-02,,,,,,,,,,,,,
781260-01,,,,,,,,,,,,,
781259-01,,,,,,,,,,,,,
788566-02,,,,,,,,,,,,,
789602-54211,,,,,,,,,,,,,
789602-26411,,,,,,,,,,,,,
788565-01,,,,,,,,,,,,,
789602-18411,,,,,,,,,,,,,
789600-26211,,,,,,,,,,,,,
789600-26410,,,,,,,,,,,,,
789602-26401,,,,,,,,,,,,,
789602-12411,,,,,,,,,,,,,
789600-18211,,,,,,,,,,,,,
789600-18410,,,,,,,,,,,,,
789602-18401,,,,,,,,,,,,,
789601-26211,,,,,,,,,,,,,
789600-26111,,,,,,,,,,,,,
789600-26210,,,,,,,,,,,,,
789600-26201,,,,,,,,,,,,,
788565-02,,,,,,,,,,,,,
789600-12211,,,,,,,,,,,,,
789600-12410,,,,,,,,,,,,,
789602-12401,,,,,,,,,,,,,
789600-18201,,,,,,,,,,,,,
789600-18111,,,,,,,,,,,,,
789600-08211,,,,,,,,,,,,,
789600-18210,,,,,,,,,,,,,
789601-26210,,,,,,,,,,,,,
789601-26201,,,,,,,,,,,,,
789600-26511,,,,,,,,,,,,,
789600-26110,,,,,,,,,,,,,
789600-26101,,,,,,,,,,,,,
789600-12111,,,,,,,,,,,,,
789600-12210,,,,,,,,,,,,,
789600-12201,,,,,,,,,,,,,
789600-18511,,,,,,,,,,,,,
789600-08210,,,,,,,,,,,,,
789600-26501,,,,,,,,,,,,,
789600-08111,,,,,,,,,,,,,
789600-18110,,,,,,,,,,,,,
789600-18101,,,,,,,,,,,,,
789600-08201,,,,,,,,,,,,,
789600-26510,,,,,,,,,,,,,
789600-12511,,,,,,,,,,,,,
789600-12110,,,,,,,,,,,,,
789600-12101,,,,,,,,,,,,,
789600-18510,,,,,,,,,,,,,
789600-18501,,,,,,,,,,,,,
789600-08511,,,,,,,,,,,,,
789600-08110,,,,,,,,,,,,,
789600-08101,,,,,,,,,,,,,
789600-12501,,,,,,,,,,,,,
789600-12510,,,,,,,,,,,,,
789600-08510,,,,,,,,,,,,,
789600-08501,,,,,,,,,,,,,
788565-03,,,,,,,,,,,,,
787047-01,,,,,,,,,,,,,
785832-01,,,,,,,,,,,,,
786982-01,,,,,,,,,,,,,
788844-01,,,,,,,,,,,,,
788845-01,,,,,,,,,,,,,
783967-01,,,,,,,,,,,,,
788843-01,,,,,,,,,,,,,
788842-01,,,,,,,,,,,,,
781699-01,,,,,,,,,,,,,
781204-02,,,,,,,,,,,,,
779058-04,,,,,,,,,,,,,
781204-01,,,,,,,,,,,,,
779058-03,,,,,,,,,,,,,
780419-01,,,,,,,,,,,,,
779087-04,,,,,,,,,,,,,
785118-01,,,,,,,,,,,,,
778697-04,,,,,,,,,,,,,
780109-02,,,,,,,,,,,,,
779058-02,,,,,,,,,,,,,
779087-03,,,,,,,,,,,,,
778697-03,,,,,,,,,,,,,
780109-01,,,,,,,,,,,,,
785117-01,,,,,,,,,,,,,
779087-02,,,,,,,,,,,,,
785116-01,,,,,,,,,,,,,
779176-03,,,,,,,,,,,,,
778697-02,,,,,,,,,,,,,
779087-01,,,,,,,,,,,,,
778697-01,,,,,,,,,,,,,
785115-01,,,,,,,,,,,,,
779176-02,,,,,,,,,,,,,
785114-01,,,,,,,,,,,,,
779176-01,,,,,,,,,,,,,
784181-01,,,,,,,,,,,,,
778577-02,,,,,,,,,,,,,
786915-01,,,,,,,,,,,,,
782461-10,,,,,,,,,,,,,
782460-10,,,,,,,,,,,,,
781089-10,,,,,,,,,,,,,
781450-10,,,,,,,,,,,,,
780383-01,,,,,,,,,,,,,
780386-01,,,,,,,,,,,,,
781451-10,,,,,,,,,,,,,
780262-01,,,,,,,,,,,,,
786914-01,,,,,,,,,,,,,
781678-01,,,,,,,,,,,,,
777880-01,,,,,,,,,,,,,
787299-01,,,,,,,,,,,,,
784177-01,,,,,,,,,,,,,
784180-01,,,,,,,,,,,,,
785157-01,,,,,,,,,,,,,
784178-01,,,,,,,,,,,,,
782363-01,,,,,,,,,,,,,
782991-01,,,,,,,,,,,,,
781820-04,,,,,,,,,,,,,
784179-01,,,,,,,,,,,,,
782362-01,,,,,,,,,,,,,
788922-03,,,,,,,,,,,,,
785679-01,,,,,,,,,,,,,
781819-01,,,,,,,,,,,,,
779502-01,,,,,,,,,,,,,
788814-01,,,,,,,,,,,,,
779700-01,,,,,,,,,,,,,
779933-01,,,,,,,,,,,,,
788809-01,,,,,,,,,,,,,
786300-01,,,,,,,,,,,,,
783525-01,,,,,,,,,,,,,
787298-01,,,,,,,,,,,,,
787298-03,,,,,,,,,,,,,
787289-01,,,,,,,,,,,,,
787296-01,,,,,,,,,,,,,
787298-02,,,,,,,,,,,,,
783817-01,,,,,,,,,,,,,
787297-01,,,,,,,,,,,,,
783818-01,,,,,,,,,,,,,
787289-03,,,,,,,,,,,,,
787296-03,,,,,,,,,,,,,
783817-02,,,,,,,,,,,,,
787297-03,,,,,,,,,,,,,
787288-01,,,,,,,,,,,,,
783818-02,,,,,,,,,,,,,
787289-02,,,,,,,,,,,,,
787296-02,,,,,,,,,,,,,
787297-02,,,,,,,,,,,,,
787288-03,,,,,,,,,,,,,
783816-01,,,,,,,,,,,,,
787287-01,,,,,,,,,,,,,
784877-02,,,,,,,,,,,,,
782128-02,,,,,,,,,,,,,
787287-03,,,,,,,,,,,,,
787288-02,,,,,,,,,,,,,
783816-02,,,,,,,,,,,,,
785726-01,,,,,,,,,,,,,
783525-03,,,,,,,,,,,,,
787287-02,,,,,,,,,,,,,
783525-02,,,,,,,,,,,,,
785257-01,,,,,,,,,,,,,
785890-01,,,,,,,,,,,,,
153901-02,,,,,,,,,,,,,
153901-01,,,,,,,,,,,,,
783883-01,,,,,,,,,,,,,
153171-01,,,,,,,,,,,,,
779991-35,,,,,,,,,,,,,
788509-35,,,,,,,,,,,,,
777774-3505,,,,,,,,,,,,,
779851-35,,,,,,,,,,,,,
786184-35,,,,,,,,,,,,,
781145-35,,,,,,,,,,,,,
778312-35,,,,,,,,,,,,,
781423-35,,,,,,,,,,,,,
777774-35,,,,,,,,,,,,,
777300-03,,,,,,,,,,,,,
778413-35,,,,,,,,,,,,,
778413-35WM,,,,,,,,,,,,,
779875-35,,,,,,,,,,,,,
777300-00,,,,,,,,,,,,,
785292-65,,,,,,,,,,,,,
776671-65,,,,,,,,,,,,,
786184-35WP,,,,,,,,,,,,,
785291-65,,,,,,,,,,,,,
790058-35WP,,,,,,,,,,,,,
780421-01,,,,,,,,,,,,,
780164-01,,,,,,,,,,,,,
778241-01,,,,,,,,,,,,,
777878-01,,,,,,,,,,,,,
777879-01,,,,,,,,,,,,,
778242-01,,,,,,,,,,,,,
781338-02,,,,,,,,,,,,,
784280-01,,,,,,,,,,,,,
781338-01,,,,,,,,,,,,,
780270-01,,,,,,,,,,,,,
780271-01,,,,,,,,,,,,,
782385-02,,,,,,,,,,,,,
782385-01,,,,,,,,,,,,,
782385-04,,,,,,,,,,,,,
782385-03,,,,,,,,,,,,,
782385-07,,,,,,,,,,,,,
782385-08,,,,,,,,,,,,,
782385-09,,,,,,,,,,,,,
782385-10,,,,,,,,,,,,,
782385-11,,,,,,,,,,,,,
782385-13,,,,,,,,,,,,,
781131-01,,,,,,,,,,,,,
781131-03,,,,,,,,,,,,,
782385-14,,,,,,,,,,,,,
781131-04,,,,,,,,,,,,,
781687-01,,,,,,,,,,,,,
781688-01,,,,,,,,,,,,,
781689-01,,,,,,,,,,,,,
779535-01,,,,,,,,,,,,,
196762-01,,,,,,,,,,,,,
778717-66,,,,,,,,,,,,,
779358-01,,,,,,,,,,,,,
788265-01,,,,,,,,,,,,,
788268-01,,,,,,,,,,,,,
788266-01,,,,,,,,,,,,,
788267-01,,,,,,,,,,,,,
788269-01,,,,,,,,,,,,,
788271-01,,,,,,,,,,,,,
788270-01,,,,,,,,,,,,,
788272-01,,,,,,,,,,,,,
788596-01,,,,,,,,,,,,,
781515-01,,,,,,,,,,,,,
781514-01,,,,,,,,,,,,,
781160-02,,,,,,,,,,,,,
781160-01,,,,,,,,,,,,,
784662-01,,,,,,,,,,,,,
784664-01,,,,,,,,,,,,,
786307-01,,,,,,,,,,,,,
781964-03,,,,,,,,,,,,,
778476-44,,,,,,,,,,,,,
778476-14,,,,,,,,,,,,,
778473-04,,,,,,,,,,,,,
778476-104,,,,,,,,,,,,,
778476-94,,,,,,,,,,,,,
781964-01,,,,,,,,,,,,,
784661-01,,,,,,,,,,,,,
786306-01,,,,,,,,,,,,,
784663-01,,,,,,,,,,,,,
778476-54,,,,,,,,,,,,,
781964-02,,,,,,,,,,,,,
778472-01,,,,,,,,,,,,,
778475-01,,,,,,,,,,,,,
778476-34,,,,,,,,,,,,,
778476-74,,,,,,,,,,,,,
778476-64,,,,,,,,,,,,,
780171-01,,,,,,,,,,,,,
780114-01,,,,,,,,,,,,,
779958-01,,,,,,,,,,,,,
779959-01,,,,,,,,,,,,,
779628-01,,,,,,,,,,,,,
780056-01,,,,,,,,,,,,,
780055-01,,,,,,,,,,,,,
780115-01,,,,,,,,,,,,,
197201-01,,,,,,,,,,,,,
197596-01,,,,,,,,,,,,,
779695-01,,,,,,,,,,,,,
780117-01,,,,,,,,,,,,,
779628-04,,,,,,,,,,,,,
194929-01,,,,,,,,,,,,,
780053-01,,,,,,,,,,,,,
780054-01,,,,,,,,,,,,,
779810-01,,,,,,,,,,,,,
779627-01,,,,,,,,,,,,,
197596-03,,,,,,,,,,,,,
779694-01,,,,,,,,,,,,,
781004-01,,,,,,,,,,,,,
781005-01,,,,,,,,,,,,,
779973-01,,,,,,,,,,,,,
779974-01,,,,,,,,,,,,,
197294-01,,,,,,,,,,,,,
195959-01,,,,,,,,,,,,,
194929-03,,,,,,,,,,,,,
779808-01,,,,,,,,,,,,,
781003-01,,,,,,,,,,,,,
780170-01,,,,,,,,,,,,,
780108-01,,,,,,,,,,,,,
779678-01,,,,,,,,,,,,,
780106-01,,,,,,,,,,,,,
197504-01,,,,,,,,,,,,,
196203-01,,,,,,,,,,,,,
195959-02,,,,,,,,,,,,,
780107-01,,,,,,,,,,,,,
780169-01,,,,,,,,,,,,,
779677-01,,,,,,,,,,,,,
780105-01,,,,,,,,,,,,,
197504-03,,,,,,,,,,,,,
779676-01,,,,,,,,,,,,,
780104-01,,,,,,,,,,,,,
196203-03,,,,,,,,,,,,,
779675-01,,,,,,,,,,,,,
780103-01,,,,,,,,,,,,,
779719-01,,,,,,,,,,,,,
782608-01,,,,,,,,,,,,,
782609-01,,,,,,,,,,,,,
191039-01,,,,,,,,,,,,,
779026-01,,,,,,,,,,,,,
193132-01,,,,,,,,,,,,,
782606-01,,,,,,,,,,,,,
782607-01,,,,,,,,,,,,,
781336-01,,,,,,,,,,,,,
191039-02,,,,,,,,,,,,,
779051-01,,,,,,,,,,,,,
193132-02,,,,,,,,,,,,,
782604-01,,,,,,,,,,,,,
782605-01,,,,,,,,,,,,,
782602-01,,,,,,,,,,,,,
782603-01,,,,,,,,,,,,,
782263-01,,,,,,,,,,,,,
785816-01,,,,,,,,,,,,,
781445-02,,,,,,,,,,,,,
782264-01,,,,,,,,,,,,,
782262-01,,,,,,,,,,,,,
781445-01,,,,,,,,,,,,,
782261-01,,,,,,,,,,,,,
781444-02,,,,,,,,,,,,,
781444-01,,,,,,,,,,,,,
782260-01,,,,,,,,,,,,,
782258-01,,,,,,,,,,,,,
781443-01,,,,,,,,,,,,,
782259-01,,,,,,,,,,,,,
782253-01,,,,,,,,,,,,,
782255-01,,,,,,,,,,,,,
782257-01,,,,,,,,,,,,,
785814-01,,,,,,,,,,,,,
785815-01,,,,,,,,,,,,,
781441-01,,,,,,,,,,,,,
781442-01,,,,,,,,,,,,,
782251-01,,,,,,,,,,,,,
781439-01,,,,,,,,,,,,,
782256-01,,,,,,,,,,,,,
782254-01,,,,,,,,,,,,,
781440-01,,,,,,,,,,,,,
782252-01,,,,,,,,,,,,,
781438-01,,,,,,,,,,,,,
782250-01,,,,,,,,,,,,,
779975-01,,,,,,,,,,,,,
779640-01,,,,,,,,,,,,,
779205-01,,,,,,,,,,,,,
192317-50,,,,,,,,,,,,,
780152-01,,,,,,,,,,,,,
789884-01,,,,,,,,,,,,,
789883-01,,,,,,,,,,,,,
789888-01,,,,,,,,,,,,,
789889-01,,,,,,,,,,,,,
789882-01,,,,,,,,,,,,,
789886-01,,,,,,,,,,,,,
789887-01,,,,,,,,,,,,,
789885-01,,,,,,,,,,,,,
779970-02,,,,,,,,,,,,,
780469-02,,,,,,,,,,,,,
779969-02,,,,,,,,,,,,,
779970-01,,,,,,,,,,,,,
780469-01,,,,,,,,,,,,,
780468-02,,,,,,,,,,,,,
779969-01,,,,,,,,,,,,,
780468-01,,,,,,,,,,,,,
781214-01,,,,,,,,,,,,,
780167-01,,,,,,,,,,,,,
782916-01,,,,,,,,,,,,,
782916-02,,,,,,,,,,,,,
783201-01,,,,,,,,,,,,,
783201-02,,,,,,,,,,,,,
783200-01,,,,,,,,,,,,,
783200-02,,,,,,,,,,,,,
782915-01,,,,,,,,,,,,,
782915-02,,,,,,,,,,,,,
781314-02,,,,,,,,,,,,,
788216-01,,,,,,,,,,,,,
783492-01,,,,,,,,,,,,,
783196-01,,,,,,,,,,,,,
787180-01,,,,,,,,,,,,,
786467-01,,,,,,,,,,,,,
787180-02,,,,,,,,,,,,,
788147-01,,,,,,,,,,,,,
782778-01,,,,,,,,,,,,,
788204-01,,,,,,,,,,,,,
783491-01,,,,,,,,,,,,,
783348-01,,,,,,,,,,,,,
781915-01,,,,,,,,,,,,,
783349-01,,,,,,,,,,,,,
783777-01,,,,,,,,,,,,,
784868-01,,,,,,,,,,,,,
783779-01,,,,,,,,,,,,,
782981-01,,,,,,,,,,,,,
785888-01,,,,,,,,,,,,,
785887-01,,,,,,,,,,,,,
784416-01,,,,,,,,,,,,,
784417-01,,,,,,,,,,,,,
784415-01,,,,,,,,,,,,,
785889-01,,,,,,,,,,,,,
782980-01,,,,,,,,,,,,,
787302-01,,,,,,,,,,,,,
781908-01,,,,,,,,,,,,,
785828-01,,,,,,,,,,,,,
785827-01,,,,,,,,,,,,,
785826-01,,,,,,,,,,,,,
785825-01,,,,,,,,,,,,,
783490-01,,,,,,,,,,,,,
785823-01,,,,,,,,,,,,,
785821-01,,,,,,,,,,,,,
783350-01,,,,,,,,,,,,,
783076-01,,,,,,,,,,,,,
784097-01,,,,,,,,,,,,,
783775-01,,,,,,,,,,,,,
783774-01,,,,,,,,,,,,,
783351-01,,,,,,,,,,,,,
783352-01,,,,,,,,,,,,,
783353-01,,,,,,,,,,,,,
782761-01,,,,,,,,,,,,,
782759-01,,,,,,,,,,,,,
782760-01,,,,,,,,,,,,,
782758-01,,,,,,,,,,,,,
782750-01,,,,,,,,,,,,,
782751-01,,,,,,,,,,,,,
782752-01,,,,,,,,,,,,,
782753-01,,,,,,,,,,,,,
785644-01,,,,,,,,,,,,,
782746-01,,,,,,,,,,,,,
784583-01,,,,,,,,,,,,,
785281-01,,,,,,,,,,,,,
785282-01,,,,,,,,,,,,,
785280-01,,,,,,,,,,,,,
786878-01,,,,,,,,,,,,,
786189-01,,,,,,,,,,,,,
786694-01,,,,,,,,,,,,,
786877-01,,,,,,,,,,,,,
784421-01,,,,,,,,,,,,,
783773-01,,,,,,,,,,,,,
784432-01,,,,,,,,,,,,,
783489-01,,,,,,,,,,,,,
786919-01,,,,,,,,,,,,,
786504-01,,,,,,,,,,,,,
786918-01,,,,,,,,,,,,,
786503-01,,,,,,,,,,,,,
786465-01,,,,,,,,,,,,,
785067-01,,,,,,,,,,,,,
785066-01,,,,,,,,,,,,,
782870-01,,,,,,,,,,,,,
782747-01,,,,,,,,,,,,,
785264-01,,,,,,,,,,,,,
785606-01,,,,,,,,,,,,,
785263-01,,,,,,,,,,,,,
783153-01,,,,,,,,,,,,,
783149-01,,,,,,,,,,,,,
783926-01,,,,,,,,,,,,,
783927-01,,,,,,,,,,,,,
783928-01,,,,,,,,,,,,,
783150-01,,,,,,,,,,,,,
783151-01,,,,,,,,,,,,,
783152-01,,,,,,,,,,,,,
783923-01,,,,,,,,,,,,,
783924-01,,,,,,,,,,,,,
783925-01,,,,,,,,,,,,,
783146-01,,,,,,,,,,,,,
783147-01,,,,,,,,,,,,,
783148-01,,,,,,,,,,,,,
781910-01,,,,,,,,,,,,,
781911-01,,,,,,,,,,,,,
781906-01,,,,,,,,,,,,,
781907-01,,,,,,,,,,,,,
781909-01,,,,,,,,,,,,,
784040-01,,,,,,,,,,,,,
784039-01,,,,,,,,,,,,,
787272-01,,,,,,,,,,,,,
788670-01,,,,,,,,,,,,,
783145-01,,,,,,,,,,,,,
783144-01,,,,,,,,,,,,,
785079-01,,,,,,,,,,,,,
783569-01,,,,,,,,,,,,,
783819-01,,,,,,,,,,,,,
865019-05,,,,,,,,,,,,,
868106-09B,,,,,,,,,,,,,
868106-07B,,,,,,,,,,,,,
868106-08B,,,,,,,,,,,,,
868063-02C,,,,,,,,,,,,,
865164-16,,,,,,,,,,,,,
868106-06B,,,,,,,,,,,,,
868001-03,,,,,,,,,,,,,
868001-04,,,,,,,,,,,,,
868106-04B,,,,,,,,,,,,,
868106-05B,,,,,,,,,,,,,
868106-05C,,,,,,,,,,,,,
783937-08,,,,,,,,,,,,,
787844-01,,,,,,,,,,,,,
787272-02,,,,,,,,,,,,,
788670-02,,,,,,,,,,,,,
784801-01,,,,,,,,,,,,,
868063-02,,,,,,,,,,,,,
782393-08,,,,,,,,,,,,,
781012-03,,,,,,,,,,,,,
784806-01,,,,,,,,,,,,,
868002-03,,,,,,,,,,,,,
868003-03,,,,,,,,,,,,,
783937-04,,,,,,,,,,,,,
868063-01C,,,,,,,,,,,,,
781012-02,,,,,,,,,,,,,
784329-35,,,,,,,,,,,,,
865511-01,,,,,,,,,,,,,
786165-01,,,,,,,,,,,,,
784800-01,,,,,,,,,,,,,
868063-01,,,,,,,,,,,,,
782249-08,,,,,,,,,,,,,
785855-01,,,,,,,,,,,,,
784543-01,,,,,,,,,,,,,
868106-03B,,,,,,,,,,,,,
784857-01,,,,,,,,,,,,,
787926-01,,,,,,,,,,,,,
784542-03,,,,,,,,,,,,,
868063-04,,,,,,,,,,,,,
868063-05,,,,,,,,,,,,,
787457-01,,,,,,,,,,,,,
787456-01,,,,,,,,,,,,,
787458-01,,,,,,,,,,,,,
787813-01,,,,,,,,,,,,,
782249-01,,,,,,,,,,,,,
868063-06,,,,,,,,,,,,,
787713-01,,,,,,,,,,,,,
868106-01B,,,,,,,,,,,,,
868106-02B,,,,,,,,,,,,,
868106-02C,,,,,,,,,,,,,
787174-01,,,,,,,,,,,,,
784804-01,,,,,,,,,,,,,
782002-01,,,,,,,,,,,,,
868063-03,,,,,,,,,,,,,
782393-09,,,,,,,,,,,,,
866574-05B,,,,,,,,,,,,,
781788-01,,,,,,,,,,,,,
783762-02,,,,,,,,,,,,,
783840-01,,,,,,,,,,,,,
785034-01,,,,,,,,,,,,,
780143-01,,,,,,,,,,,,,
TNT4882-BQF330,,,,,,,,,,,,,
783839-01,,,,,,,,,,,,,
781659-04,,,,,,,,,,,,,
783493-01,,,,,,,,,,,,,
782248-02,,,,,,,,,,,,,
784803-01,,,,,,,,,,,,,
866574-02P,,,,,,,,,,,,,
786328-01,,,,,,,,,,,,,
784321-35,,,,,,,,,,,,,
866576-01,,,,,,,,,,,,,
782249-09,,,,,,,,,,,,,
866576-01C,,,,,,,,,,,,,
786333-01,,,,,,,,,,,,,
784364-02,,,,,,,,,,,,,
784364-01,,,,,,,,,,,,,
784062-01,,,,,,,,,,,,,
866574-05P,,,,,,,,,,,,,
785037-01,,,,,,,,,,,,,
781419-02,,,,,,,,,,,,,
786032-01,,,,,,,,,,,,,
784061-01,,,,,,,,,,,,,
781584-01,,,,,,,,,,,,,
781331-01,,,,,,,,,,,,,
866574-03P,,,,,,,,,,,,,
781420-15,,,,,,,,,,,,,
781421-15,,,,,,,,,,,,,
781420-16,,,,,,,,,,,,,
781421-16,,,,,,,,,,,,,
782282-01,,,,,,,,,,,,,
786030-01,,,,,,,,,,,,,
786170-01,,,,,,,,,,,,,
866576-04,,,,,,,,,,,,,
780685-02,,,,,,,,,,,,,
866576-04C,,,,,,,,,,,,,
866576-02,,,,,,,,,,,,,
783157-01,,,,,,,,,,,,,
865377-01,,,,,,,,,,,,,
866576-02C,,,,,,,,,,,,,
786074-01,,,,,,,,,,,,,
786075-01,,,,,,,,,,,,,
786152-01,,,,,,,,,,,,,
784343-05,,,,,,,,,,,,,
784343-01,,,,,,,,,,,,,
784307-01,,,,,,,,,,,,,
785321-01,,,,,,,,,,,,,
866574-04P,,,,,,,,,,,,,
866576-03,,,,,,,,,,,,,
786067-01,,,,,,,,,,,,,
786068-01,,,,,,,,,,,,,
784317-35,,,,,,,,,,,,,
866576-03C,,,,,,,,,,,,,
868173-01,,,,,,,,,,,,,
784257-01,,,,,,,,,,,,,
781749-01,,,,,,,,,,,,,
787009-35,,,,,,,,,,,,,
781420-10,,,,,,,,,,,,,
781421-10,,,,,,,,,,,,,
785360-01,,,,,,,,,,,,,
786444-01,,,,,,,,,,,,,
787756-01,,,,,,,,,,,,,
786575-01,,,,,,,,,,,,,
784532-01,,,,,,,,,,,,,
868172-01,,,,,,,,,,,,,
784323-35,,,,,,,,,,,,,
865378-01,,,,,,,,,,,,,
186900-01,,,,,,,,,,,,,
787857-01,,,,,,,,,,,,,
779989-01,,,,,,,,,,,,,
781420-33,,,,,,,,,,,,,
781420-34,,,,,,,,,,,,,
781421-33,,,,,,,,,,,,,
781421-34,,,,,,,,,,,,,
785033-01,,,,,,,,,,,,,
781650-33,,,,,,,,,,,,,
777178-01,,,,,,,,,,,,,
866574-08B,,,,,,,,,,,,,
781659-02,,,,,,,,,,,,,
787170-01,,,,,,,,,,,,,
786353-01,,,,,,,,,,,,,
787890-01,,,,,,,,,,,,,
786445-01,,,,,,,,,,,,,
786355-01,,,,,,,,,,,,,
780215-01,,,,,,,,,,,,,
784834-01,,,,,,,,,,,,,
784315-35,,,,,,,,,,,,,
786846-01,,,,,,,,,,,,,
132504-02,,,,,,,,,,,,,
868171-01,,,,,,,,,,,,,
779988-01,,,,,,,,,,,,,
779307-01,,,,,,,,,,,,,
779309-01,,,,,,,,,,,,,
781719-01,,,,,,,,,,,,,
784325-35,,,,,,,,,,,,,
788302-100,,,,,,,,,,,,,
786020-01,,,,,,,,,,,,,
782106-01,,,,,,,,,,,,,
786912-01,,,,,,,,,,,,,
777185-01,,,,,,,,,,,,,
785269-35,,,,,,,,,,,,,
786663-01,,,,,,,,,,,,,
786664-01,,,,,,,,,,,,,
786084-01,,,,,,,,,,,,,
789810-01,,,,,,,,,,,,,
784762-01,,,,,,,,,,,,,
785578-01,,,,,,,,,,,,,
785578-11,,,,,,,,,,,,,
786665-01,,,,,,,,,,,,,
788201-02,,,,,,,,,,,,,
787855-01,,,,,,,,,,,,,
786085-01,,,,,,,,,,,,,
782956-01,,,,,,,,,,,,,
785359-01,,,,,,,,,,,,,
787856-01,,,,,,,,,,,,,
784256-01,,,,,,,,,,,,,
786356-01,,,,,,,,,,,,,
786357-01,,,,,,,,,,,,,
780114-04,,,,,,,,,,,,,
787499-01,,,,,,,,,,,,,
785341-01,,,,,,,,,,,,,
784306-01,,,,,,,,,,,,,
785361-01,,,,,,,,,,,,,
780990-01,,,,,,,,,,,,,
789571-01,,,,,,,,,,,,,
788302-30,,,,,,,,,,,,,
785578-20,,,,,,,,,,,,,
787491-01,,,,,,,,,,,,,
786666-01,,,,,,,,,,,,,
786529-01,,,,,,,,,,,,,
784327-35,,,,,,,,,,,,,
779872-01,,,,,,,,,,,,,
785356-01,,,,,,,,,,,,,
782865-01,,,,,,,,,,,,,
785256-02,,,,,,,,,,,,,
866574-16P,,,,,,,,,,,,,
781725-01,,,,,,,,,,,,,
132508-08,,,,,,,,,,,,,
779959-04,,,,,,,,,,,,,
780116-01,,,,,,,,,,,,,
786515-01,,,,,,,,,,,,,
786988-01,,,,,,,,,,,,,
786999-02,,,,,,,,,,,,,
782971-01,,,,,,,,,,,,,
781658-02,,,,,,,,,,,,,
788201-01,,,,,,,,,,,,,
785324-01,,,,,,,,,,,,,
787557-01,,,,,,,,,,,,,
787351-01,,,,,,,,,,,,,
785254-01,,,,,,,,,,,,,
783535-01,,,,,,,,,,,,,
786528-01,,,,,,,,,,,,,
780055-04,,,,,,,,,,,,,
780056-04,,,,,,,,,,,,,
780056-06,,,,,,,,,,,,,
788302-10,,,,,,,,,,,,,
786703-01,,,,,,,,,,,,,
786087-01,,,,,,,,,,,,,
786088-01,,,,,,,,,,,,,
781617-01,,,,,,,,,,,,,
782121-03,,,,,,,,,,,,,
786451-01,,,,,,,,,,,,,
787858-01,,,,,,,,,,,,,
786433-01,,,,,,,,,,,,,
781420-00,,,,,,,,,,,,,
779695-04,,,,,,,,,,,,,
780117-04,,,,,,,,,,,,,
784948-01,,,,,,,,,,,,,
780116-04,,,,,,,,,,,,,
780115-04,,,,,,,,,,,,,
786077-01,,,,,,,,,,,,,
786078-01,,,,,,,,,,,,,
786079-01,,,,,,,,,,,,,
786080-01,,,,,,,,,,,,,
786081-01,,,,,,,,,,,,,
786082-01,,,,,,,,,,,,,
785342-01,,,,,,,,,,,,,
780064-01,,,,,,,,,,,,,
783637-01,,,,,,,,,,,,,
786148-01,,,,,,,,,,,,,
786149-01,,,,,,,,,,,,,
786150-01,,,,,,,,,,,,,
786151-01,,,,,,,,,,,,,
786092-01,,,,,,,,,,,,,
786086-01,,,,,,,,,,,,,
786033-01,,,,,,,,,,,,,
785198-01,,,,,,,,,,,,,
786531-01,,,,,,,,,,,,,
781630-10,,,,,,,,,,,,,
781630-09,,,,,,,,,,,,,
781630-06,,,,,,,,,,,,,
781630-04,,,,,,,,,,,,,
781630-07,,,,,,,,,,,,,
781630-01,,,,,,,,,,,,,
781630-11,,,,,,,,,,,,,
787027-01,,,,,,,,,,,,,
787028-01,,,,,,,,,,,,,
787029-01,,,,,,,,,,,,,
788264-01,,,,,,,,,,,,,
784675-01,,,,,,,,,,,,,
787723-01,,,,,,,,,,,,,
TNT4882-BQ66,,,,,,,,,,,,,
TNT4882-BQF66,,,,,,,,,,,,,
780695-01,,,,,,,,,,,,,
788900-01,,,,,,,,,,,,,
781630-05,,,,,,,,,,,,,
781630-02,,,,,,,,,,,,,
781630-12,,,,,,,,,,,,,
780054-04,,,,,,,,,,,,,
780054-07,,,,,,,,,,,,,
780053-04,,,,,,,,,,,,,
778033-01,,,,,,,,,,,,,
781341-01,,,,,,,,,,,,,
786774-01,,,,,,,,,,,,,
786527-01,,,,,,,,,,,,,
784173-01,,,,,,,,,,,,,
784170-01,,,,,,,,,,,,,
784337-01,,,,,,,,,,,,,
783488-01,,,,,,,,,,,,,
783636-01,,,,,,,,,,,,,
785256-01,,,,,,,,,,,,,
784250-01,,,,,,,,,,,,,
790067-03,,,,,,,,,,,,,
784815-01,,,,,,,,,,,,,
788898-01,,,,,,,,,,,,,
781945-01,,,,,,,,,,,,,
784305-01,,,,,,,,,,,,,
783173-01,,,,,,,,,,,,,
779323-01,,,,,,,,,,,,,
784169-01,,,,,,,,,,,,,
779694-04,,,,,,,,,,,,,
784577-01,,,,,,,,,,,,,
783635-01,,,,,,,,,,,,,
785860-01,,,,,,,,,,,,,
784640-01,,,,,,,,,,,,,
783872-01,,,,,,,,,,,,,
783873-01,,,,,,,,,,,,,
779810-04,,,,,,,,,,,,,
779627-04,,,,,,,,,,,,,
785325-01,,,,,,,,,,,,,
779973-04,,,,,,,,,,,,,
779973-02,,,,,,,,,,,,,
779974-04,,,,,,,,,,,,,
787411-01,,,,,,,,,,,,,
779651-01,,,,,,,,,,,,,
779651-04,,,,,,,,,,,,,
784255-01,,,,,,,,,,,,,
786803-01,,,,,,,,,,,,,
784608-35,,,,,,,,,,,,,
865605-01,,,,,,,,,,,,,
786958-01,,,,,,,,,,,,,
784113-01,,,,,,,,,,,,,
783892-01,,,,,,,,,,,,,
410-435,,,,,,,,,,,,,
789542-01,,,,,,,,,,,,,
785840-01,,,,,,,,,,,,,
779705-01,,,,,,,,,,,,,
187965-01,,,,,,,,,,,,,
780570-01,,,,,,,,,,,,,
778927-01,,,,,,,,,,,,,
781785-01,,,,,,,,,,,,,
780991-01,,,,,,,,,,,,,
780936-01,,,,,,,,,,,,,
780935-01,,,,,,,,,,,,,
787266-01,,,,,,,,,,,,,
785255-01,,,,,,,,,,,,,
787472-01,,,,,,,,,,,,,
786957-01,,,,,,,,,,,,,
783007-01,,,,,,,,,,,,,
778032-01,,,,,,,,,,,,,
784840-01,,,,,,,,,,,,,
783487-01,,,,,,,,,,,,,
783346-01,,,,,,,,,,,,,
783978-01,,,,,,,,,,,,,
781154-35,,,,,,,,,,,,,
779808-04,,,,,,,,,,,,,
782351-01,,,,,,,,,,,,,
787000-01,,,,,,,,,,,,,
787032-01,,,,,,,,,,,,,
778548-3505,,,,,,,,,,,,,
783813-01,,,,,,,,,,,,,
183617-01,,,,,,,,,,,,,
786776-01,,,,,,,,,,,,,
471-040,,,,,,,,,,,,,
786514-01,,,,,,,,,,,,,
TNT5002-AQF24,,,,,,,,,,,,,
783454-01,,,,,,,,,,,,,
132246-01,,,,,,,,,,,,,
785244-01,,,,,,,,,,,,,
782408-10,,,,,,,,,,,,,
789563-01,,,,,,,,,,,,,
132249-01,,,,,,,,,,,,,
785244-18,,,,,,,,,,,,,
787441-01,,,,,,,,,,,,,
788899-01,,,,,,,,,,,,,
787659-01,,,,,,,,,,,,,
410-394,,,,,,,,,,,,,
781778-01,,,,,,,,,,,,,
778833-01,,,,,,,,,,,,,
157543-500,,,,,,,,,,,,,
786775-01,,,,,,,,,,,,,
788600-01,,,,,,,,,,,,,
787419-01,,,,,,,,,,,,,
786525-01,,,,,,,,,,,,,
782439-35,,,,,,,,,,,,,
781350-01,,,,,,,,,,,,,
198405-01,,,,,,,,,,,,,
780575-01,,,,,,,,,,,,,
779779-01,,,,,,,,,,,,,
782403-01,,,,,,,,,,,,,
788897-01,,,,,,,,,,,,,
868106-01P,,,,,,,,,,,,,
787247-01,,,,,,,,,,,,,
784972-01,,,,,,,,,,,,,
783370-01,,,,,,,,,,,,,
783368-01,,,,,,,,,,,,,
784199-01,,,,,,,,,,,,,
779732-07,,,,,,,,,,,,,
779732-06,,,,,,,,,,,,,
779732-01,,,,,,,,,,,,,
779732-04,,,,,,,,,,,,,
786434-01,,,,,,,,,,,,,
779732-10,,,,,,,,,,,,,
779732-09,,,,,,,,,,,,,
154939-01,,,,,,,,,,,,,
778939-01,,,,,,,,,,,,,
783581-01,,,,,,,,,,,,,
779799-35,,,,,,,,,,,,,
184639-01,,,,,,,,,,,,,
779341-01,,,,,,,,,,,,,
786169-01,,,,,,,,,,,,,
779732-05,,,,,,,,,,,,,
779732-11,,,,,,,,,,,,,
782779-01,,,,,,,,,,,,,
147464-01,,,,,,,,,,,,,
785678-01,,,,,,,,,,,,,
784841-01,,,,,,,,,,,,,
782107-01,,,,,,,,,,,,,
781692-01,,,,,,,,,,,,,
777335-01,,,,,,,,,,,,,
196304-30,,,,,,,,,,,,,
778973-01,,,,,,,,,,,,,
778938-01,,,,,,,,,,,,,
785022-01,,,,,,,,,,,,,
787077-01,,,,,,,,,,,,,
866576-05,,,,,,,,,,,,,
471-041,,,,,,,,,,,,,
779175-07,,,,,,,,,,,,,
781989-01,,,,,,,,,,,,,
785568-01,,,,,,,,,,,,,
786058-01,,,,,,,,,,,,,
782444-01,,,,,,,,,,,,,
NAT9914BPLF-27,,,,,,,,,,,,,
783582-01,,,,,,,,,,,,,
784198-01,,,,,,,,,,,,,
784807-01,,,,,,,,,,,,,
785642-01,,,,,,,,,,,,,
786363-01,,,,,,,,,,,,,
784172-01,,,,,,,,,,,,,
783001-8192,,,,,,,,,,,,,
778592-01,,,,,,,,,,,,,
783959-01,,,,,,,,,,,,,
786059-01,,,,,,,,,,,,,
782121-06,,,,,,,,,,,,,
781918-01,,,,,,,,,,,,,
783168-01,,,,,,,,,,,,,
781349-01,,,,,,,,,,,,,
784718-02,,,,,,,,,,,,,
784717-02,,,,,,,,,,,,,
781771-01,,,,,,,,,,,,,
781946-01,,,,,,,,,,,,,
780041-01,,,,,,,,,,,,,
187322-02,,,,,,,,,,,,,
786777-01,,,,,,,,,,,,,
780989-01,,,,,,,,,,,,,
781095-01,,,,,,,,,,,,,
782121-01,,,,,,,,,,,,,
781092-01,,,,,,,,,,,,,
781092-02,,,,,,,,,,,,,
780009-01,,,,,,,,,,,,,
780009-02,,,,,,,,,,,,,
410-394-1,,,,,,,,,,,,,
783871-01,,,,,,,,,,,,,
780398-01,,,,,,,,,,,,,
780988-01,,,,,,,,,,,,,
784000-01,,,,,,,,,,,,,
780567-01,,,,,,,,,,,,,
786341-05,,,,,,,,,,,,,
782092-01,,,,,,,,,,,,,
783406-01,,,,,,,,,,,,,
781090-02,,,,,,,,,,,,,
781090-01,,,,,,,,,,,,,
781256-01,,,,,,,,,,,,,
782417-02,,,,,,,,,,,,,
782417-03,,,,,,,,,,,,,
782385-06,,,,,,,,,,,,,
782385-05,,,,,,,,,,,,,
781131-02,,,,,,,,,,,,,
786324-01,,,,,,,,,,,,,
777781-25,,,,,,,,,,,,,
777774-65,,,,,,,,,,,,,
782385-12,,,,,,,,,,,,,
786926-01,,,,,,,,,,,,,
782083-01,,,,,,,,,,,,,
784254-01,,,,,,,,,,,,,
786324-02,,,,,,,,,,,,,
781511-01,,,,,,,,,,,,,
782914-01,,,,,,,,,,,,,
410-417,,,,,,,,,,,,,
786335-01,,,,,,,,,,,,,
471-031,,,,,,,,,,,,,
782888-01,,,,,,,,,,,,,
781347-01,,,,,,,,,,,,,
782119-01,,,,,,,,,,,,,
778840-01,,,,,,,,,,,,,
778839-01,,,,,,,,,,,,,
778056-03,,,,,,,,,,,,,
776707-01,,,,,,,,,,,,,
786341-03,,,,,,,,,,,,,
783869-01,,,,,,,,,,,,,
182805-030,,,,,,,,,,,,,
782882-01,,,,,,,,,,,,,
785599-01,,,,,,,,,,,,,
783870-01,,,,,,,,,,,,,
763061-16,,,,,,,,,,,,,
410-384,,,,,,,,,,,,,
783532-01,,,,,,,,,,,,,
783533-01,,,,,,,,,,,,,
783534-01,,,,,,,,,,,,,
782866-01,,,,,,,,,,,,,
132503-02,,,,,,,,,,,,,
784087-01,,,,,,,,,,,,,
782417-01,,,,,,,,,,,,,
786362-01,,,,,,,,,,,,,
785492-01,,,,,,,,,,,,,
785021-01,,,,,,,,,,,,,
785652-01,,,,,,,,,,,,,
781090-03,,,,,,,,,,,,,
786090-01,,,,,,,,,,,,,
781257-01,,,,,,,,,,,,,
779305-01,,,,,,,,,,,,,
779957-01,,,,,,,,,,,,,
779443-01,,,,,,,,,,,,,
788927-02,,,,,,,,,,,,,
784117-01,,,,,,,,,,,,,
184670-01,,,,,,,,,,,,,
786091-01,,,,,,,,,,,,,
784958-01,,,,,,,,,,,,,
778547-35,,,,,,,,,,,,,
784956-01,,,,,,,,,,,,,
784957-01,,,,,,,,,,,,,
138950-1R6,,,,,,,,,,,,,
785346-01,,,,,,,,,,,,,
778044-35,,,,,,,,,,,,,
780327-07,,,,,,,,,,,,,
182805-020,,,,,,,,,,,,,
410-248,,,,,,,,,,,,,
786060-01,,,,,,,,,,,,,
786061-01,,,,,,,,,,,,,
786062-01,,,,,,,,,,,,,
786063-01,,,,,,,,,,,,,
786064-01,,,,,,,,,,,,,
786065-01,,,,,,,,,,,,,
782574-01,,,,,,,,,,,,,
789002-02,,,,,,,,,,,,,
781326-01,,,,,,,,,,,,,
783405-01,,,,,,,,,,,,,
782536-01,,,,,,,,,,,,,
779175-06,,,,,,,,,,,,,
784176-01,,,,,,,,,,,,,
784253-01,,,,,,,,,,,,,
780869-01,,,,,,,,,,,,,
194906-01,,,,,,,,,,,,,
138950-01,,,,,,,,,,,,,
785113-01,,,,,,,,,,,,,
777812-01,,,,,,,,,,,,,
779444-01,,,,,,,,,,,,,
778823-01,,,,,,,,,,,,,
778492-01,,,,,,,,,,,,,
785024-01,,,,,,,,,,,,,
148299-01,,,,,,,,,,,,,
786972-01,,,,,,,,,,,,,
786969-01,,,,,,,,,,,,,
786459-01,,,,,,,,,,,,,
786371-01,,,,,,,,,,,,,
786372-01,,,,,,,,,,,,,
779985-01,,,,,,,,,,,,,
138950-0R5,,,,,,,,,,,,,
786970-01,,,,,,,,,,,,,
788149-01,,,,,,,,,,,,,
779956-01,,,,,,,,,,,,,
779410-01,,,,,,,,,,,,,
781420-09,,,,,,,,,,,,,
777716-01,,,,,,,,,,,,,
785516-01,,,,,,,,,,,,,
781420-08,,,,,,,,,,,,,
789004-02,,,,,,,,,,,,,
410-395,,,,,,,,,,,,,
783199-01,,,,,,,,,,,,,
786513-01,,,,,,,,,,,,,
783629-01,,,,,,,,,,,,,
789005-02,,,,,,,,,,,,,
786341-01,,,,,,,,,,,,,
185845-01,,,,,,,,,,,,,
785515-01,,,,,,,,,,,,,
146907-01,,,,,,,,,,,,,
778548-35,,,,,,,,,,,,,
788263-03,,,,,,,,,,,,,
785089-01,,,,,,,,,,,,,
785651-01,,,,,,,,,,,,,
763061-10,,,,,,,,,,,,,
789003-02,,,,,,,,,,,,,
783977-01,,,,,,,,,,,,,
783630-01,,,,,,,,,,,,,
781329-01,,,,,,,,,,,,,
779671-01,,,,,,,,,,,,,
781717-06,,,,,,,,,,,,,
780566-01,,,,,,,,,,,,,
785518-01,,,,,,,,,,,,,
789776-01,,,,,,,,,,,,,
787417-01,,,,,,,,,,,,,
781093-01,,,,,,,,,,,,,
471-059,,,,,,,,,,,,,
786520-01,,,,,,,,,,,,,
132542-01,,,,,,,,,,,,,
781947-02,,,,,,,,,,,,,
779499-01,,,,,,,,,,,,,
781634-01,,,,,,,,,,,,,
410-351-20,,,,,,,,,,,,,
779697-02,,,,,,,,,,,,,
787487-01,,,,,,,,,,,,,
778948-01,,,,,,,,,,,,,
471-060,,,,,,,,,,,,,
781717-02,,,,,,,,,,,,,
780895-01,,,,,,,,,,,,,
143045-03,,,,,,,,,,,,,
779955-01,,,,,,,,,,,,,
780251-01,,,,,,,,,,,,,
780252-01,,,,,,,,,,,,,
185095-02,,,,,,,,,,,,,
783540-01,,,,,,,,,,,,,
782459-01,,,,,,,,,,,,,
782698-01,,,,,,,,,,,,,
410-415,,,,,,,,,,,,,
187106-01,,,,,,,,,,,,,
780327-03,,,,,,,,,,,,,
197546-01,,,,,,,,,,,,,
787525-01,,,,,,,,,,,,,
784171-01,,,,,,,,,,,,,
785378-01,,,,,,,,,,,,,
198588-01,,,,,,,,,,,,,
788746-05,,,,,,,,,,,,,
786452-01,,,,,,,,,,,,,
784469-01,,,,,,,,,,,,,
783327-01,,,,,,,,,,,,,
782948-01,,,,,,,,,,,,,
140296-0R2,,,,,,,,,,,,,
140304-0R2,,,,,,,,,,,,,
785659-03,,,,,,,,,,,,,
783976-01,,,,,,,,,,,,,
185183-01,,,,,,,,,,,,,
784507-01,,,,,,,,,,,,,
158293-01,,,,,,,,,,,,,
786704-01,,,,,,,,,,,,,
788214-01,,,,,,,,,,,,,
783982-01,,,,,,,,,,,,,
785247-01,,,,,,,,,,,,,
785246-01,,,,,,,,,,,,,
240-153,,,,,,,,,,,,,
140303-0R2,,,,,,,,,,,,,
786979-01,,,,,,,,,,,,,
781852-01,,,,,,,,,,,,,
780315-01,,,,,,,,,,,,,
410-292,,,,,,,,,,,,,
789001-02,,,,,,,,,,,,,
149055-0R2,,,,,,,,,,,,,
783643-01,,,,,,,,,,,,,
784486-01,,,,,,,,,,,,,
781327-01,,,,,,,,,,,,,
788347-01,,,,,,,,,,,,,
781717-01,,,,,,,,,,,,,
783167-01,,,,,,,,,,,,,
185095-0R5,,,,,,,,,,,,,
786186-01,,,,,,,,,,,,,
786975-01,,,,,,,,,,,,,
780965-01,,,,,,,,,,,,,
780966-01,,,,,,,,,,,,,
NAT9914BPDF-9,,,,,,,,,,,,,
786522-01,,,,,,,,,,,,,
784634-01,,,,,,,,,,,,,
410-319-1,,,,,,,,,,,,,
410-346-20,,,,,,,,,,,,,
783307-01,,,,,,,,,,,,,
781325-01,,,,,,,,,,,,,
785659-01,,,,,,,,,,,,,
786521-01,,,,,,,,,,,,,
NAT7210BMF-9,,,,,,,,,,,,,
190233-01,,,,,,,,,,,,,
777212-12,,,,,,,,,,,,,
778672-01,,,,,,,,,,,,,
777212-11,,,,,,,,,,,,,
199744-05,,,,,,,,,,,,,
199745-05,,,,,,,,,,,,,
199746-05,,,,,,,,,,,,,
785368-01,,,,,,,,,,,,,
786799-01,,,,,,,,,,,,,
786800-01,,,,,,,,,,,,,
777488-02,,,,,,,,,,,,,
776164-01,,,,,,,,,,,,,
183139-02,,,,,,,,,,,,,
783803-01,,,,,,,,,,,,,
777665-01,,,,,,,,,,,,,
785328-01,,,,,,,,,,,,,
787274-01,,,,,,,,,,,,,
783673-01,,,,,,,,,,,,,
783537-01,,,,,,,,,,,,,
785805-01,,,,,,,,,,,,,
776842-01,,,,,,,,,,,,,
195846-01,,,,,,,,,,,,,
781328-01,,,,,,,,,,,,,
134730-01,,,,,,,,,,,,,
240-127,,,,,,,,,,,,,
145230-05,,,,,,,,,,,,,
779168-01,,,,,,,,,,,,,
781420-06,,,,,,,,,,,,,
782051-01,,,,,,,,,,,,,
786199-02,,,,,,,,,,,,,
779356-01,,,,,,,,,,,,,
779669-01,,,,,,,,,,,,,
199744-02,,,,,,,,,,,,,
780985-01,,,,,,,,,,,,,
783566-01,,,,,,,,,,,,,
784106-01,,,,,,,,,,,,,
784808-01,,,,,,,,,,,,,
786041-01,,,,,,,,,,,,,
158293-02,,,,,,,,,,,,,
185434-01,,,,,,,,,,,,,
785520-01,,,,,,,,,,,,,
145233-03,,,,,,,,,,,,,
763061-06,,,,,,,,,,,,,
145231-05,,,,,,,,,,,,,
786038-01,,,,,,,,,,,,,
786134-01,,,,,,,,,,,,,
786039-01,,,,,,,,,,,,,
786135-01,,,,,,,,,,,,,
786978-01,,,,,,,,,,,,,
145232-03,,,,,,,,,,,,,
785521-01,,,,,,,,,,,,,
786989-01,,,,,,,,,,,,,
782289-01,,,,,,,,,,,,,
786411-01,,,,,,,,,,,,,
777488-01,,,,,,,,,,,,,
184698-01,,,,,,,,,,,,,
763061-04,,,,,,,,,,,,,
786130-01,,,,,,,,,,,,,
786131-01,,,,,,,,,,,,,
183285-02,,,,,,,,,,,,,
138953-1R6,,,,,,,,,,,,,
779175-01,,,,,,,,,,,,,
780396-01,,,,,,,,,,,,,
780540-01,,,,,,,,,,,,,
763061-05,,,,,,,,,,,,,
781314-03,,,,,,,,,,,,,
152637-01,,,,,,,,,,,,,
152639-01,,,,,,,,,,,,,
152640-01,,,,,,,,,,,,,
152641-01,,,,,,,,,,,,,
152638-01,,,,,,,,,,,,,
778685-01,,,,,,,,,,,,,
783802-01,,,,,,,,,,,,,
745687-K030,,,,,,,,,,,,,
134726-2R5,,,,,,,,,,,,,
783538-01,,,,,,,,,,,,,
786340-01,,,,,,,,,,,,,
138953-01,,,,,,,,,,,,,
784162-01,,,,,,,,,,,,,
763061-03,,,,,,,,,,,,,
134075-01,,,,,,,,,,,,,
410-338,,,,,,,,,,,,,
784996-01,,,,,,,,,,,,,
782066-01,,,,,,,,,,,,,
183285-01,,,,,,,,,,,,,
781386-01,,,,,,,,,,,,,
786036-01,,,,,,,,,,,,,
786132-01,,,,,,,,,,,,,
786037-01,,,,,,,,,,,,,
786133-01,,,,,,,,,,,,,
785347-01,,,,,,,,,,,,,
143045-01,,,,,,,,,,,,,
138951-0R5,,,,,,,,,,,,,
778609-01,,,,,,,,,,,,,
787246-01,,,,,,,,,,,,,
788148-01,,,,,,,,,,,,,
780576-01,,,,,,,,,,,,,
185434-0R18,,,,,,,,,,,,,
783068-01,,,,,,,,,,,,,
761289-16,,,,,,,,,,,,,
763061-003,,,,,,,,,,,,,
763061-02,,,,,,,,,,,,,
780284-01,,,,,,,,,,,,,
786176-01,,,,,,,,,,,,,
182498-01,,,,,,,,,,,,,
786533-01,,,,,,,,,,,,,
782465-01,,,,,,,,,,,,,
783670-01,,,,,,,,,,,,,
786818-01,,,,,,,,,,,,,
410-434,,,,,,,,,,,,,
187539-01,,,,,,,,,,,,,
785984-01,,,,,,,,,,,,,
783195-01,,,,,,,,,,,,,
786984-01,,,,,,,,,,,,,
786985-01,,,,,,,,,,,,,
784190-01,,,,,,,,,,,,,
785486-01,,,,,,,,,,,,,
192288-0R3,,,,,,,,,,,,,
786913-01,,,,,,,,,,,,,
789550-01,,,,,,,,,,,,,
782022-01,,,,,,,,,,,,,
782720-01,,,,,,,,,,,,,
781314-01,,,,,,,,,,,,,
192795-0R2,,,,,,,,,,,,,
745689-K030,,,,,,,,,,,,,
785206-01,,,,,,,,,,,,,
785207-01,,,,,,,,,,,,,
763061-01,,,,,,,,,,,,,
780397-01,,,,,,,,,,,,,
783809-02,,,,,,,,,,,,,
782720-02,,,,,,,,,,,,,
778353-01,,,,,,,,,,,,,
782271-01,,,,,,,,,,,,,
784390-01,,,,,,,,,,,,,
782082-01,,,,,,,,,,,,,
194096-01,,,,,,,,,,,,,
745685-T02,,,,,,,,,,,,,
763061-005,,,,,,,,,,,,,
786796-01,,,,,,,,,,,,,
786199-01,,,,,,,,,,,,,
187252-01,,,,,,,,,,,,,
779674-01,,,,,,,,,,,,,
786040-01,,,,,,,,,,,,,
786034-01,,,,,,,,,,,,,
786035-01,,,,,,,,,,,,,
410-183,,,,,,,,,,,,,
199101-01,,,,,,,,,,,,,
189919-0R5,,,,,,,,,,,,,
787214-01,,,,,,,,,,,,,
783752-01,,,,,,,,,,,,,
786795-01,,,,,,,,,,,,,
778673-01,,,,,,,,,,,,,
787331-01,,,,,,,,,,,,,
783074-01,,,,,,,,,,,,,
781081-01,,,,,,,,,,,,,
410-370,,,,,,,,,,,,,
789953-01,,,,,,,,,,,,,
780893-01,,,,,,,,,,,,,
785896-01,,,,,,,,,,,,,
138951-01,,,,,,,,,,,,,
786004-01,,,,,,,,,,,,,
781482-01,,,,,,,,,,,,,
780910-01,,,,,,,,,,,,,
198511-01,,,,,,,,,,,,,
787109-15,,,,,,,,,,,,,
782863-01,,,,,,,,,,,,,
187949-10,,,,,,,,,,,,,
776832-01,,,,,,,,,,,,,
787006-10,,,,,,,,,,,,,
782579-02,,,,,,,,,,,,,
193942-02,,,,,,,,,,,,,
190654-02,,,,,,,,,,,,,
190656-02,,,,,,,,,,,,,
783671-01,,,,,,,,,,,,,
781974-01,,,,,,,,,,,,,
782316-04,,,,,,,,,,,,,
777419-01,,,,,,,,,,,,,
782989-01,,,,,,,,,,,,,
140150-0R46,,,,,,,,,,,,,
140150-0R91,,,,,,,,,,,,,
140151-0R46,,,,,,,,,,,,,
140151-0R91,,,,,,,,,,,,,
143245-01,,,,,,,,,,,,,
782055-01,,,,,,,,,,,,,
784303-01,,,,,,,,,,,,,
410-412,,,,,,,,,,,,,
140150-2R4,,,,,,,,,,,,,
780986-01,,,,,,,,,,,,,
183285-0R2,,,,,,,,,,,,,
787422-01,,,,,,,,,,,,,
140152-0R46,,,,,,,,,,,,,
180524-30,,,,,,,,,,,,,
782578-02,,,,,,,,,,,,,
784068-01,,,,,,,,,,,,,
782426-01,,,,,,,,,,,,,
761000-01,,,,,,,,,,,,,
786004-0R61,,,,,,,,,,,,,
786199-0R61,,,,,,,,,,,,,
783174-01,,,,,,,,,,,,,
783480-01,,,,,,,,,,,,,
190654-01,,,,,,,,,,,,,
787903-0R087,,,,,,,,,,,,,
140151-2R4,,,,,,,,,,,,,
781700-01,,,,,,,,,,,,,
781623-01,,,,,,,,,,,,,
784854-01,,,,,,,,,,,,,
786004-0R305,,,,,,,,,,,,,
782573-01,,,,,,,,,,,,,
785481-01,,,,,,,,,,,,,
410-428,,,,,,,,,,,,,
778676-01,,,,,,,,,,,,,
192017-02,,,,,,,,,,,,,
786199-0R305,,,,,,,,,,,,,
785524-01,,,,,,,,,,,,,
787055-01,,,,,,,,,,,,,
784365-01,,,,,,,,,,,,,
182766-01,,,,,,,,,,,,,
780984-01,,,,,,,,,,,,,
158292-01,,,,,,,,,,,,,
783668-01,,,,,,,,,,,,,
783676-01,,,,,,,,,,,,,
786004-0R152,,,,,,,,,,,,,
786199-0R152,,,,,,,,,,,,,
782887-01,,,,,,,,,,,,,
155475-03,,,,,,,,,,,,,
783536-01,,,,,,,,,,,,,
782696-01,,,,,,,,,,,,,
180524-10,,,,,,,,,,,,,
180524-20,,,,,,,,,,,,,
783405-03,,,,,,,,,,,,,
780214-01,,,,,,,,,,,,,
779807-01,,,,,,,,,,,,,
784818-01,,,,,,,,,,,,,
182767-01,,,,,,,,,,,,,
785334-01,,,,,,,,,,,,,
193128-02,,,,,,,,,,,,,
782578-01,,,,,,,,,,,,,
745688-T10,,,,,,,,,,,,,
179194-20,,,,,,,,,,,,,
781913-01,,,,,,,,,,,,,
787470-01,,,,,,,,,,,,,
780308-04,,,,,,,,,,,,,
777779-01,,,,,,,,,,,,,
782774-01,,,,,,,,,,,,,
782775-01,,,,,,,,,,,,,
150056-01,,,,,,,,,,,,,
780557-01,,,,,,,,,,,,,
786343-01,,,,,,,,,,,,,
782329-01,,,,,,,,,,,,,
190656-01,,,,,,,,,,,,,
777169-01,,,,,,,,,,,,,
781887-01,,,,,,,,,,,,,
152580-0R25,,,,,,,,,,,,,
777601-01,,,,,,,,,,,,,
788199-01,,,,,,,,,,,,,
410-328-35,,,,,,,,,,,,,
410-376,,,,,,,,,,,,,
787108-05,,,,,,,,,,,,,
786187-01,,,,,,,,,,,,,
787902-0R04,,,,,,,,,,,,,
786385-01,,,,,,,,,,,,,
410-385,,,,,,,,,,,,,
786352-01,,,,,,,,,,,,,
240-000,,,,,,,,,,,,,
785523-01,,,,,,,,,,,,,
776947-02,,,,,,,,,,,,,
776947-01,,,,,,,,,,,,,
134731-01,,,,,,,,,,,,,
787902-0R047,,,,,,,,,,,,,
784484-01,,,,,,,,,,,,,
783642-01,,,,,,,,,,,,,
154742-01,,,,,,,,,,,,,
154302-01,,,,,,,,,,,,,
410-414,,,,,,,,,,,,,
786173-03,,,,,,,,,,,,,
789955-01,,,,,,,,,,,,,
785637-01,,,,,,,,,,,,,
777778-01,,,,,,,,,,,,,
777600-01,,,,,,,,,,,,,
783075-01,,,,,,,,,,,,,
782773-01,,,,,,,,,,,,,
781334-01,,,,,,,,,,,,,
784389-01,,,,,,,,,,,,,
134234-01,,,,,,,,,,,,,
784791-01,,,,,,,,,,,,,
180524-02,,,,,,,,,,,,,
787611-01,,,,,,,,,,,,,
785628-01,,,,,,,,,,,,,
788199-0R5,,,,,,,,,,,,,
788197-01,,,,,,,,,,,,,
781202-01,,,,,,,,,,,,,
786172-03,,,,,,,,,,,,,
779157-01,,,,,,,,,,,,,
786173-01,,,,,,,,,,,,,
786992-01,,,,,,,,,,,,,
786817-01,,,,,,,,,,,,,
190412-04,,,,,,,,,,,,,
786983-01,,,,,,,,,,,,,
779168-02,,,,,,,,,,,,,
778962-01,,,,,,,,,,,,,
787230-0R2,,,,,,,,,,,,,
787156-01,,,,,,,,,,,,,
779325-01,,,,,,,,,,,,,
779311-01,,,,,,,,,,,,,
152166-02,,,,,,,,,,,,,
787553-01,,,,,,,,,,,,,
148876-12,,,,,,,,,,,,,
148977-01,,,,,,,,,,,,,
185692-01,,,,,,,,,,,,,
785978-01,,,,,,,,,,,,,
780868-01,,,,,,,,,,,,,
778831-01,,,,,,,,,,,,,
180524-05,,,,,,,,,,,,,
861182-01,,,,,,,,,,,,,
157543-020,,,,,,,,,,,,,
410-426,,,,,,,,,,,,,
134731-0R5,,,,,,,,,,,,,
192665-01,,,,,,,,,,,,,
147791-02,,,,,,,,,,,,,
783567-01,,,,,,,,,,,,,
781015-01,,,,,,,,,,,,,
194612-02,,,,,,,,,,,,,
195950-02,,,,,,,,,,,,,
786325-01,,,,,,,,,,,,,
192190-01,,,,,,,,,,,,,
787587-05,,,,,,,,,,,,,
785634-01,,,,,,,,,,,,,
410-408,,,,,,,,,,,,,
787045-01,,,,,,,,,,,,,
193128-01,,,,,,,,,,,,,
782703-01,,,,,,,,,,,,,
779511-01,,,,,,,,,,,,,
783829-01,,,,,,,,,,,,,
784848-01,,,,,,,,,,,,,
786172-02,,,,,,,,,,,,,
781016-01,,,,,,,,,,,,,
779371-01,,,,,,,,,,,,,
784428-01,,,,,,,,,,,,,
782531-01,,,,,,,,,,,,,
783565-01,,,,,,,,,,,,,
157867-02,,,,,,,,,,,,,
783586-01,,,,,,,,,,,,,
471-032,,,,,,,,,,,,,
147792-05,,,,,,,,,,,,,
148864-02,,,,,,,,,,,,,
410-249,,,,,,,,,,,,,
154041-12,,,,,,,,,,,,,
153166-12,,,,,,,,,,,,,
785565-01,,,,,,,,,,,,,
199022-02,,,,,,,,,,,,,
786172-01,,,,,,,,,,,,,
783780-01,,,,,,,,,,,,,
199432-01,,,,,,,,,,,,,
790062-01,,,,,,,,,,,,,
781175-01,,,,,,,,,,,,,
147791-05,,,,,,,,,,,,,
786196-01,,,,,,,,,,,,,
779727-01,,,,,,,,,,,,,
159103-02,,,,,,,,,,,,,
782909-02,,,,,,,,,,,,,
745690-J002,,,,,,,,,,,,,
745690-K001,,,,,,,,,,,,,
745690-K002,,,,,,,,,,,,,
784300-01,,,,,,,,,,,,,
745690-T002,,,,,,,,,,,,,
152166-0R5,,,,,,,,,,,,,
781661-01,,,,,,,,,,,,,
787004-01,,,,,,,,,,,,,
779376-01,,,,,,,,,,,,,
410-299,,,,,,,,,,,,,
786202-01,,,,,,,,,,,,,
785633-01,,,,,,,,,,,,,
787005-01,,,,,,,,,,,,,
148864-01,,,,,,,,,,,,,
194123-01,,,,,,,,,,,,,
787587-02,,,,,,,,,,,,,
785525-01,,,,,,,,,,,,,
779937-01,,,,,,,,,,,,,
784477-01,,,,,,,,,,,,,
785845-01,,,,,,,,,,,,,
187375-10,,,,,,,,,,,,,
781333-01,,,,,,,,,,,,,
782644-01,,,,,,,,,,,,,
779445-01,,,,,,,,,,,,,
779581-01,,,,,,,,,,,,,
180524-04,,,,,,,,,,,,,
787108-01,,,,,,,,,,,,,
763067-01,,,,,,,,,,,,,
786196-0R610,,,,,,,,,,,,,
785753-01,,,,,,,,,,,,,
787587-01,,,,,,,,,,,,,
153158-10,,,,,,,,,,,,,
782582-01,,,,,,,,,,,,,
783812-02,,,,,,,,,,,,,
782767-01,,,,,,,,,,,,,
782769-01,,,,,,,,,,,,,
198303-01,,,,,,,,,,,,,
194612-10,,,,,,,,,,,,,
195950-10,,,,,,,,,,,,,
785289-01,,,,,,,,,,,,,
785290-01,,,,,,,,,,,,,
410-391,,,,,,,,,,,,,
786218-01,,,,,,,,,,,,,
410-413,,,,,,,,,,,,,
769336-01,,,,,,,,,,,,,
340-002-1,,,,,,,,,,,,,
184428-01,,,,,,,,,,,,,
196648-05,,,,,,,,,,,,,
782768-01,,,,,,,,,,,,,
159471-01,,,,,,,,,,,,,
786901-01,,,,,,,,,,,,,
785713-0401,,,,,,,,,,,,,
785713-0402,,,,,,,,,,,,,
785714-04,,,,,,,,,,,,,
786202-0R61,,,,,,,,,,,,,
786659-01,,,,,,,,,,,,,
786202-0R305,,,,,,,,,,,,,
410-349,,,,,,,,,,,,,
778713-01,,,,,,,,,,,,,
787135-01,,,,,,,,,,,,,
187375-05,,,,,,,,,,,,,
763071-01,,,,,,,,,,,,,
784479-01,,,,,,,,,,,,,
783660-01,,,,,,,,,,,,,
181638-01,,,,,,,,,,,,,
199566-02,,,,,,,,,,,,,
782949-01,,,,,,,,,,,,,
159473-01,,,,,,,,,,,,,
763634-01,,,,,,,,,,,,,
784685-01,,,,,,,,,,,,,
763068-01,,,,,,,,,,,,,
785713-0112,,,,,,,,,,,,,
786209-02,,,,,,,,,,,,,
763830-01,,,,,,,,,,,,,
157867-01,,,,,,,,,,,,,
789957-02,,,,,,,,,,,,,
151733-10,,,,,,,,,,,,,
133807-01,,,,,,,,,,,,,
786347-01,,,,,,,,,,,,,
787413-01,,,,,,,,,,,,,
782909-01,,,,,,,,,,,,,
187949-01,,,,,,,,,,,,,
785713-0212,,,,,,,,,,,,,
785711-0112,,,,,,,,,,,,,
785711-0212,,,,,,,,,,,,,
786202-0R152,,,,,,,,,,,,,
785892-01,,,,,,,,,,,,,
785892-02,,,,,,,,,,,,,
786196-0R152,,,,,,,,,,,,,
786196-0R305,,,,,,,,,,,,,
786350-01,,,,,,,,,,,,,
786351-01,,,,,,,,,,,,,
786349-01,,,,,,,,,,,,,
781452-01,,,,,,,,,,,,,
787002-01,,,,,,,,,,,,,
240-141,,,,,,,,,,,,,
784234-01,,,,,,,,,,,,,
783066-01,,,,,,,,,,,,,
157788-01,,,,,,,,,,,,,
785710-0112,,,,,,,,,,,,,
787123-01,,,,,,,,,,,,,
187375-01,,,,,,,,,,,,,
786418-01,,,,,,,,,,,,,
787642-01,,,,,,,,,,,,,
783539-01,,,,,,,,,,,,,
786657-01,,,,,,,,,,,,,
151733-05,,,,,,,,,,,,,
410-310,,,,,,,,,,,,,
132706-01,,,,,,,,,,,,,
789956-02,,,,,,,,,,,,,
784470-01,,,,,,,,,,,,,
785626-01,,,,,,,,,,,,,
787674-01,,,,,,,,,,,,,
132705-01,,,,,,,,,,,,,
787903-0R056,,,,,,,,,,,,,
781233-02,,,,,,,,,,,,,
784161-01,,,,,,,,,,,,,
783091-01,,,,,,,,,,,,,
195548-01,,,,,,,,,,,,,
350-036,,,,,,,,,,,,,
250-140,,,,,,,,,,,,,
410-064,,,,,,,,,,,,,
789986-01,,,,,,,,,,,,,
410-418,,,,,,,,,,,,,
785631-01,,,,,,,,,,,,,
785023-10,,,,,,,,,,,,,
785023-04,,,,,,,,,,,,,
785023-07,,,,,,,,,,,,,
785023-09,,,,,,,,,,,,,
785023-06,,,,,,,,,,,,,
142998-08,,,,,,,,,,,,,
785023-01,,,,,,,,,,,,,
782763-01,,,,,,,,,,,,,
785023-03,,,,,,,,,,,,,
783804-01,,,,,,,,,,,,,
788345-01,,,,,,,,,,,,,
198159-01,,,,,,,,,,,,,
152834-01,,,,,,,,,,,,,
785990-01,,,,,,,,,,,,,
410-378,,,,,,,,,,,,,
786746-08,,,,,,,,,,,,,
460-004,,,,,,,,,,,,,
410-379,,,,,,,,,,,,,
763065-01,,,,,,,,,,,,,
763066-01,,,,,,,,,,,,,
763064-01,,,,,,,,,,,,,
784686-01,,,,,,,,,,,,,
786377-01,,,,,,,,,,,,,
763000-01,,,,,,,,,,,,,
784476-01,,,,,,,,,,,,,
157935-01,,,,,,,,,,,,,
786177-01,,,,,,,,,,,,,
777297-01,,,,,,,,,,,,,
786206-1R5,,,,,,,,,,,,,
786902-01,,,,,,,,,,,,,
310-021-8,,,,,,,,,,,,,
151733-02,,,,,,,,,,,,,
240-057,,,,,,,,,,,,,
780702-01,,,,,,,,,,,,,
410-361,,,,,,,,,,,,,
151733-01,,,,,,,,,,,,,
410-263,,,,,,,,,,,,,
784136-01,,,,,,,,,,,,,
781233-01,,,,,,,,,,,,,
240-052,,,,,,,,,,,,,
790576-01,,,,,,,,,,,,,
410-113,,,,,,,,,,,,,
410-323,,,,,,,,,,,,,
784611-01,,,,,,,,,,,,,
240-030,,,,,,,,,,,,,
240-140,,,,,,,,,,,,,
786746-04,,,,,,,,,,,,,
784611-10,,,,,,,,,,,,,
784611-04,,,,,,,,,,,,,
782766-01,,,,,,,,,,,,,
786746-07,,,,,,,,,,,,,
781950-01,,,,,,,,,,,,,
783799-01,,,,,,,,,,,,,
310-021-6,,,,,,,,,,,,,
310-021-5,,,,,,,,,,,,,
151733-0R3,,,,,,,,,,,,,
410-195,,,,,,,,,,,,,
410-068,,,,,,,,,,,,,
410-212,,,,,,,,,,,,,
250-086,,,,,,,,,,,,,
310-064,,,,,,,,,,,,,
310-021-7,,,,,,,,,,,,,
310-021-3,,,,,,,,,,,,,
310-021-1,,,,,,,,,,,,,
148877-01,,,,,,,,,,,,,
782875-01,,,,,,,,,,,,,
300-031,,,,,,,,,,,,,
782802-01,,,,,,,,,,,,,
782803-01,,,,,,,,,,,,,
786746-01,,,,,,,,,,,,,
310-001,,,,,,,,,,,,,
784611-06,,,,,,,,,,,,,
786746-06,,,,,,,,,,,,,
240-134,,,,,,,,,,,,,
240-136,,,,,,,,,,,,,
786358-01,,,,,,,,,,,,,
410-373,,,,,,,,,,,,,
310-021-2,,,,,,,,,,,,,
310-021-4,,,,,,,,,,,,,
240-116,,,,,,,,,,,,,
240-137,,,,,,,,,,,,,
310-100,,,,,,,,,,,,,
240-118,,,,,,,,,,,,,
240-143,,,,,,,,,,,,,
786674-01,,,,,,,,,,,,,
340-038,,,,,,,,,,,,,
785881-01,,,,,,,,,,,,,
310-014,,,,,,,,,,,,,
410-380,,,,,,,,,,,,,
410-126,,,,,,,,,,,,,
240-021-2,,,,,,,,,,,,,
240-131,,,,,,,,,,,,,
240-005,,,,,,,,,,,,,
250-060,,,,,,,,,,,,,
410-135,,,,,,,,,,,,,
310-053,,,,,,,,,,,,,
240-119,,,,,,,,,,,,,
250-059,,,,,,,,,,,,,
240-109,,,,,,,,,,,,,
240-110,,,,,,,,,,,,,
240-004,,,,,,,,,,,,,
151944A-02L,,,,,,,,,,,,,
784481-01,,,,,,,,,,,,,
784975-01,,,,,,,,,,,,,
138285-0R15,,,,,,,,,,,,,
865765-01,,,,,,,,,,,,,
780964-01,,,,,,,,,,,,,
783403-01,,,,,,,,,,,,,
783404-01,,,,,,,,,,,,,
779651-07,,,,,,,,,,,,,
779651-06,,,,,,,,,,,,,
786315-01,,,,,,,,,,,,,
786319-01,,,,,,,,,,,,,
785611-01,,,,,,,,,,,,,
787722-01,,,,,,,,,,,,,
154454-01,,,,,,,,,,,,,
868063-02CN,,,,,,,,,,,,,
781025-01,,,,,,,,,,,,,
786526-20,,,,,,,,,,,,,
786526-02,,,,,,,,,,,,,
786526-15,,,,,,,,,,,,,
785577-20,,,,,,,,,,,,,
785577-01,,,,,,,,,,,,,
785577-09,,,,,,,,,,,,,
785578-09,,,,,,,,,,,,,
785782-0118,,,,,,,,,,,,,
779973-11,,,,,,,,,,,,,
779973-12,,,,,,,,,,,,,
779694-12,,,,,,,,,,,,,
779958-12,,,,,,,,,,,,,
780056-12,,,,,,,,,,,,,
780055-12,,,,,,,,,,,,,
138286-01,,,,,,,,,,,,,
779424-01,,,,,,,,,,,,,
763072-01,,,,,,,,,,,,,
786208-1R5,,,,,,,,,,,,,
786205-1R5,,,,,,,,,,,,,
786207-2R5,,,,,,,,,,,,,
786208-2R5,,,,,,,,,,,,,
786205-2R5,,,,,,,,,,,,,
786207-1R5,,,,,,,,,,,,,
786214-02,,,,,,,,,,,,,
786211-02,,,,,,,,,,,,,
786213-02,,,,,,,,,,,,,
786344-01,,,,,,,,,,,,,
786348-01,,,,,,,,,,,,,
786346-01,,,,,,,,,,,,,
780308-10,,,,,,,,,,,,,
780308-09,,,,,,,,,,,,,
780308-03,,,,,,,,,,,,,
780308-11,,,,,,,,,,,,,
780308-07,,,,,,,,,,,,,
780308-02,,,,,,,,,,,,,
780308-12,,,,,,,,,,,,,
780308-06,,,,,,,,,,,,,
785545-0118,,,,,,,,,,,,,
785546-0118,,,,,,,,,,,,,
136691-0R40,,,,,,,,,,,,,
137833-0R15,,,,,,,,,,,,,
783820-01,,,,,,,,,,,,,
152804C-01L,,,,,,,,,,,,,
779660-01,,,,,,,,,,,,,
787462-01,,,,,,,,,,,,,
779808-03,,,,,,,,,,,,,
779808-07,,,,,,,,,,,,,
779808-06,,,,,,,,,,,,,
780117-09,,,,,,,,,,,,,
780117-06,,,,,,,,,,,,,
779808-09,,,,,,,,,,,,,
779808-10,,,,,,,,,,,,,
779973-06,,,,,,,,,,,,,
779974-09,,,,,,,,,,,,,
779973-09,,,,,,,,,,,,,
779973-10,,,,,,,,,,,,,
780116-07,,,,,,,,,,,,,
780116-06,,,,,,,,,,,,,
779810-07,,,,,,,,,,,,,
779810-06,,,,,,,,,,,,,
780116-10,,,,,,,,,,,,,
779810-09,,,,,,,,,,,,,
779810-10,,,,,,,,,,,,,
779694-07,,,,,,,,,,,,,
779627-03,,,,,,,,,,,,,
779627-07,,,,,,,,,,,,,
779627-06,,,,,,,,,,,,,
780115-02,,,,,,,,,,,,,
780115-10,,,,,,,,,,,,,
780115-09,,,,,,,,,,,,,
779694-10,,,,,,,,,,,,,
779694-09,,,,,,,,,,,,,
779627-09,,,,,,,,,,,,,
779627-10,,,,,,,,,,,,,
779959-07,,,,,,,,,,,,,
779959-02,,,,,,,,,,,,,
779959-06,,,,,,,,,,,,,
779958-04,,,,,,,,,,,,,
779958-02,,,,,,,,,,,,,
779958-06,,,,,,,,,,,,,
779959-10,,,,,,,,,,,,,
779959-09,,,,,,,,,,,,,
779958-09,,,,,,,,,,,,,
779958-10,,,,,,,,,,,,,
779958-07,,,,,,,,,,,,,
780114-02,,,,,,,,,,,,,
780114-06,,,,,,,,,,,,,
779628-06,,,,,,,,,,,,,
780114-10,,,,,,,,,,,,,
779695-10,,,,,,,,,,,,,
779628-09,,,,,,,,,,,,,
779628-10,,,,,,,,,,,,,
780053-02,,,,,,,,,,,,,
780053-06,,,,,,,,,,,,,
780053-07,,,,,,,,,,,,,
780054-06,,,,,,,,,,,,,
780054-10,,,,,,,,,,,,,
780054-09,,,,,,,,,,,,,
780053-09,,,,,,,,,,,,,
780053-10,,,,,,,,,,,,,
780055-02,,,,,,,,,,,,,
780055-06,,,,,,,,,,,,,
780055-07,,,,,,,,,,,,,
780056-02,,,,,,,,,,,,,
780056-07,,,,,,,,,,,,,
780056-10,,,,,,,,,,,,,
780056-09,,,,,,,,,,,,,
780055-09,,,,,,,,,,,,,
780055-10,,,,,,,,,,,,,
153687-01,,,,,,,,,,,,,
138984-1R6,,,,,,,,,,,,,
787078-01,,,,,,,,,,,,,
787080-01,,,,,,,,,,,,,
76542680,,,,,,,,,,,,,
